Type,ModifyDate,Image,ListingID,Name,Description,ContactName,ContactEmail,ContactPhone,Website,Facebook,Twitter,Instagram,Pinterest,Youtube,Blog,Address,State,City,Street,Zip,Longitude,Latitude,Dates,Products
farmers market,,default-farmersmarket-4-3.jpg,313845,Ohio Valley Farmers' Market,,,,,,,,,,,,"67800 Mall Rd, Saint Clairsville, Ohio, 43950",Ohio,Saint Clairsville,67800 Mall Rd,43950,-80.863696463509,40.069469507567,,
farmers market,,default-farmersmarket-4-3.jpg,313856,Northside Farmers Market ,,,jwconverse@gmail.com,,,https://www.facebook.com/northsidefarmersmarkets/,,,,,,"901 Elm St, Youngstown, Ohio, 44505",Ohio,Youngstown,901 Elm St,44505,-80.645236019346,41.112536988739,,
farmers market,"Apr 4th, 2024",default-farmersmarket-4-3.jpg,300011,Loveland Farmers Market,,,,,http://www.lovelandfm.com/,,,,,,,"205 Broadway St, Loveland, Ohio, 45140",Ohio,Loveland,205 Broadway St,45140,-84.259985758056,39.266593038188,,
farmers market,"Apr 4th, 2024",default-farmersmarket-4-3.jpg,300066,Croghan Colonial Bank Farmers Market,,,,,https://nfmd.org/oh/fremont/1002470/,,,,,,,"S Front St & Garrison St, Fremont, Ohio, 43420",Ohio,Fremont,S Front St & Garrison St,43420,-83.113580021594,41.345400005274,,
farmers market,"Apr 4th, 2024",default-farmersmarket-4-3.jpg,300068,Lakewood Earth and Food (LEAF) Community Farmers' Market,,,,,No Website to Date,,,,,,,"15425 Detroit Ave, Lakewood, Ohio, 44107",Ohio,Lakewood,15425 Detroit Ave,44107,-81.804253990671,41.484694998471,,
farmers market,"Apr 4th, 2024",default-farmersmarket-4-3.jpg,300150,Athens Farmers Market,,,,,https://www.athensfarmersmarket.org/,,,,,,,"701 E State St, Athens, Ohio, 45701",Ohio,Athens,701 E State St,45701,-82.075942988543,39.336220011737,,
farmers market,"Apr 4th, 2024",default-farmersmarket-4-3.jpg,300506,Haymaker Farmers' Market,,,,,http://www.haymakermarket.com/,,,,,,,"Franklin Ave & W Summit St, Kent, Ohio, 44240",Ohio,Kent,Franklin Ave & W Summit St,44240,-81.360229962207,41.150120017654,,
farmers market,"Apr 4th, 2024",default-farmersmarket-4-3.jpg,300532,Farmers' gateway Market,,,,,https://www.facebook.com/profile.php?id=100064850281646,,,,,,,"4000 Sunset Blvd, Steubenville, Ohio, 43952",Ohio,Steubenville,4000 Sunset Blvd,43952,-80.672363965154,40.376321994875,,
farmers market,"Apr 4th, 2024",default-farmersmarket-4-3.jpg,300874,Westerville Saturday Farmers Market,,,,,https://www.uptownwestervilleinc.com/farmersmarket.html,,,,,,,"21 S State St, Westerville, Ohio, 43081",Ohio,Westerville,21 S State St,43081,-82.931752988571,40.125298998377,,
farmers market,"Apr 4th, 2024",default-farmersmarket-4-3.jpg,300924,Stow Community Farmers Market,,,,,https://www.stowfarmersmarket.com/,,,,,,,"1567 Pilgrim Dr, Stow, Ohio, 44224",Ohio,Stow,1567 Pilgrim Dr,44224,-81.451931000432,41.168689998411,,
farmers market,"Apr 4th, 2024",default-farmersmarket-4-3.jpg,301029,Main Street Wadsworth Farmers Market,,,,,https://www.wadsworthfarmersmarket.com/,,,,,,,"151 Main St, Wadsworth, Ohio, 44281",Ohio,Wadsworth,151 Main St,44281,-81.728517041415,41.024020989902,,
farmers market,"Apr 4th, 2024",default-farmersmarket-4-3.jpg,301041,Fibonacci's Mount Healthy Farmers Market,,,,,http://fibbrew.com/,,,,,,,"1445 Compton Rd, Cincinnati, Ohio, 45231",Ohio,Cincinnati,1445 Compton Rd,45231,-84.540945964186,39.231475013882,,
farmers market,"Apr 4th, 2024",default-farmersmarket-4-3.jpg,301056,Westgate Farmers Market,,,,,http://www.westgatefarmersmarket.com/home,,,,,,,"2925 W Broad St, Columbus, Ohio, 43204",Ohio,Columbus,2925 W Broad St,43204,-83.078550958577,39.954223013462,,
farmers market,"Apr 4th, 2024",default-farmersmarket-4-3.jpg,301063,Prairie Township Farmer's Market,,,,,https://www.prairietownship.org/219/Farmers-Market ,,,,,,,"5955 W Broad St, Galloway, Ohio, 43119",Ohio,Galloway,5955 W Broad St,43119,-83.158938020076,39.950255020498,,
farmers market,"Apr 4th, 2024",default-farmersmarket-4-3.jpg,301065,Canal Market District,,,,,https://www.canalmarketdistrict.org/,,,,,,,"36 E Canal St, Newark, Ohio, 43055",Ohio,Newark,36 E Canal St,43055,-82.400410890823,40.056709152313,,
farmers market,"Apr 4th, 2024",default-farmersmarket-4-3.jpg,301073,Saint Mary Farmers Market,,,,,https://nfmd.org/oh/columbus/1019825/,,,,,,,"700 S 3rd St, Columbus, Ohio, 43206",Ohio,Columbus,700 S 3rd St,43206,-82.994641989001,39.948103008768,,
farmers market,"Apr 4th, 2024",default-farmersmarket-4-3.jpg,301090,Lancaster Farmers Market,"Downtown Lancaster, Chestnut Street between Broad & Columbus in the Municipal Courts Parking Lot",,farmersmarket@kellermarkethouse.com,740-277-6305,https://kellermarkethouse.org/lancaster-ohio-farmers-market/,https://www.facebook.com/lancasterohfarmersmarket/ https://www.instagram.com/lancasterohfarmersmarket/,,,,,,"143 W Chestnut St, Lancaster, Ohio, 43130",Ohio,Lancaster,143 W Chestnut St,43130,-82.603709982989,39.712547311228,,
farmers market,"Apr 4th, 2024",default-farmersmarket-4-3.jpg,301095,Medina Square Farmers Market,,,,,https://www.medinafarmersmarket.com/,,,,,,,"39 Public Sq, Ste 305, Medina, Ohio, 44256",Ohio,Medina,39 Public Sq,44256,-81.863747985039,41.137790992455,,
farmers market,"Apr 4th, 2024",default-farmersmarket-4-3.jpg,301354,North Canton Farmers' Market,,,,,https://www.ncantonfarmersmarket.com/,,,,,,,"845 W Maple St, North Canton, Ohio, 44720",Ohio,North Canton,845 W Maple St,44720,-81.415559994716,40.876983004099,,
farmers market,"Apr 4th, 2024",default-farmersmarket-4-3.jpg,301422,Oxford Farmers Market,,,,,https://oxfordfarmersmarket.com/,,,,,,,"E Park Pl, Oxford, Ohio, 45056",Ohio,Oxford,E Park Pl,45056,-84.741776123275,39.510930012684,,
farmers market,"Apr 4th, 2024",default-farmersmarket-4-3.jpg,301427,Market on the Green,,,,,https://www.whmarketonthegreen.com/,,,,,,,"105 Norton Park Dr, Columbus, Ohio, 43213",Ohio,Columbus,105 Norton Park Dr,43213,-82.876365816687,39.975870990193,,
farmers market,"Apr 4th, 2024",default-farmersmarket-4-3.jpg,301428,Tremont Farmers Market,,,,,https://experiencetremont.com/featured-events/farmers-market/,,,,,,,"1200 Starkweather Ave, Cleveland, Ohio, 44113",Ohio,Cleveland,1200 Starkweather Ave,44113,-81.690426991177,41.477636011074,,
farmers market,"Apr 4th, 2024",default-farmersmarket-4-3.jpg,301429,North End Farmers Market,,,,,https://www.necic-ohio.org/programs/local-food-initiatives/north-end-farmers-market,,,,,,,"311 Bowman St, Mansfield, Ohio, 44903",Ohio,Mansfield,311 Bowman St,44903,-82.52331600642,40.766925011187,,
farmers market,"Apr 4th, 2024",default-farmersmarket-4-3.jpg,301443,Celina Farmers Market,,,,,http://celinafarmersmarket.com/,,,,,,,"1001 W Market St, Celina, Ohio, 45822",Ohio,Celina,1001 W Market St,45822,-84.583987959001,40.551375989128,,
farmers market,"Apr 4th, 2024",default-farmersmarket-4-3.jpg,301474,Ohio Valley Farmers' Market,,,,,http://ovfarmersmarket.org/,,,,,,,"67800 Mall Rd, Saint Clairsville, Ohio, 43950",Ohio,Saint Clairsville,67800 Mall Rd,43950,-80.863696463509,40.069469507567,,
farmers market,"Apr 4th, 2024",default-farmersmarket-4-3.jpg,301484,City of Seven Hills Farmers Market,,,,,http://www.sevenhillsohio.org/en-US/farmers-market.aspx,,,,,,,"7221 Broadview Rd, Independence, Ohio, 44131",Ohio,Independence,7221 Broadview Rd,44131,-81.684533687481,41.369442692862,,
farmers market,"Apr 4th, 2024",default-farmersmarket-4-3.jpg,301486,Canton Farmers' Market,,,,,https://www.facebook.com/CantonOhioFarmersMarket/,,,,,,,"330 Court Ave NW, Canton, Ohio, 44702",Ohio,Canton,330 Court Ave NW,44702,-81.375036487418,40.800259536732,,
farmers market,"Apr 4th, 2024",default-farmersmarket-4-3.jpg,301488,Adams County Farmer's Market,,,,,https://adams-county-farmers-market.business.site/?utm_source=gmb&utm_medium=referral,,,,,,,"110 W Main St, West Union, Ohio, 45693",Ohio,West Union,110 W Main St,45693,-83.546109024224,38.795424019357,,
farmers market,"Apr 4th, 2024",default-farmersmarket-4-3.jpg,301501,Fayette County Farmers Market,,,,,https://www.facebook.com/OHFCFM/,,,,,,,"101 E East St, Washington Court House, Ohio, 43160",Ohio,Washington Court House,101 E East St,43160,-83.438640704117,39.534896346524,,
farmers market,"Apr 4th, 2024",default-farmersmarket-4-3.jpg,301563,Oak Hill Hops,,,,,https://www.facebook.com/OakHillHops/,,,,,,,"3051 W Streetsboro Rd, Richfield, Ohio, 44286",Ohio,Richfield,3051 W Streetsboro Rd,44286,-81.599231968447,41.244976004234,,
farmers market,"Apr 4th, 2024",default-farmersmarket-4-3.jpg,301626,Franklin Park Conservatory and Botanical Gardens Farmers\' Market,,,,,https://www.fpconservatory.org/education-programs/outreach-programs/farmers-market/,,,,,,,"1777 E Broad St, Columbus, Ohio, 43203",Ohio,Columbus,1777 E Broad St,43203,-82.953180988763,39.965880019574,,
farmers market,"Apr 4th, 2024",default-farmersmarket-4-3.jpg,301635,Olde Pickerington Farmers' Market,,,pickfarmers@hotmail.com,614-681-1440,https://www.pickeringtonvillage.com/farmers-market,,,,,,,"89 N Center St, Pickerington, Ohio, 43147",Ohio,Pickerington,89 N Center St,43147,-82.753603482458,39.885759462391,,
farmers market,"Apr 4th, 2024",default-farmersmarket-4-3.jpg,301637,Healthy New Albany Farmers Market,,,,,https://healthynewalbany.org/,,,,,,,"200 Market St, New Albany, Ohio, 43054",Ohio,New Albany,200 Market St,43054,-82.814961980476,40.081952991934,,
farmers market,"Apr 4th, 2024",default-farmersmarket-4-3.jpg,301638,Healthy New Albany Indoor Farmers Market,,,,,https://healthynewalbany.org/,,,,,,,"150 W Main St, New Albany, Ohio, 43054",Ohio,New Albany,150 W Main St,43054,-82.812597026496,40.081449993924,,
farmers market,"Apr 4th, 2024",default-farmersmarket-4-3.jpg,301656,Hyde Park Farmers' Market,,,,,https://www.hydeparkfarmersmarket.com/,,,,,,,"2700 Erie Ave, Cincinnati, Ohio, 45208",Ohio,Cincinnati,2700 Erie Ave,45208,-84.443051034791,39.140034988122,,
farmers market,"Apr 4th, 2024",default-farmersmarket-4-3.jpg,301666,PC Sunday Farmers Market,,,,,https://www.facebook.com/pcsundaymarket/,,,,,,,"Madison St, Port Clinton, Ohio, 43452",Ohio,Port Clinton,Madison St,43452,-82.940894567597,41.496540286186,,
farmers market,"Apr 4th, 2024",default-farmersmarket-4-3.jpg,301768,Madeira Farmers Market,,,,,https://madeirafarmersmarket.com/,,,,,,,"Dawson Rd & Miami Ave, Cincinnati, Ohio, 45243",Ohio,Cincinnati,Dawson Rd & Miami Ave,45243,-84.363309966569,39.188089989679,,
farmers market,"Apr 4th, 2024",default-farmersmarket-4-3.jpg,301769,Clintonville Farmers Market,,,,,https://www.commongreensohio.org/clintonville-farmers-market,,,,,,,"3535 N High St, Columbus, Ohio, 43214",Ohio,Columbus,3535 N High St,43214,-83.016896025751,40.034149992296,,
farmers market,"Apr 4th, 2024",default-farmersmarket-4-3.jpg,301770,Upper Arlington Farmers Market,,,,,https://www.commongreensohio.org/upper-arlington-farmers-market,,,,,,,"2850 Tremont Rd, Columbus, Ohio, 43221",Ohio,Columbus,2850 Tremont Rd,43221,-83.06529799619,40.013939002535,,
farmers market,"Apr 4th, 2024",default-farmersmarket-4-3.jpg,301771,Bexley Farmers Market,,,,,https://www.commongreensohio.org/bexley-farmers-market,https://www.facebook.com/bexleyfarmersmarket/,,,,,,"S Dawson Ave & E Main St, Columbus, Ohio, 43209",Ohio,Columbus,S Dawson Ave & E Main St,43209,-82.935719975706,39.957139999586,,
farmers market,"Apr 4th, 2024",default-farmersmarket-4-3.jpg,301779,Hancock County Farmers' Market,,,,,https://www.facebook.com/HancockCountyFarmersMarket,,,,,,,"200 W Main Cross St, Findlay, Ohio, 45840",Ohio,Findlay,200 W Main Cross St,45840,-83.652682995262,41.039563008137,,
farmers market,"Apr 4th, 2024",default-farmersmarket-4-3.jpg,312155,2nd Street Market,,,,,https://www.metroparks.org/places-to-go/2nd-street-market/,,,,,,,"600 E 2nd St, Dayton, Ohio, 45402",Ohio,Dayton,600 E 2nd St,45402,-84.180781032974,39.762630015501,,
farmers market,"Apr 4th, 2024",default-farmersmarket-4-3.jpg,312156,400 Farmers Market,,,,,https://www.facebook.com/events/693042574116691/?privacy_mutation_token=eyJ0eXBlIjowLCJjcmVhdGlvbl90aW1lIjoxNjU2ODAzNTc1LCJjYWxsc2l0ZV9pZCI6MzU5MDM2MDAxOTY4NDMyfQ%3D%3D&acontext=%7B%22source%22%3A%22108%22%2C%22action_history%22%3A%22null%22%7D&paipv=0&eav=AfYMt_hbL0Eyhd2fjpqzeKd4BcC0ppyYloGLbZCm2b3vzVmpDlFOU5LOATkDyEA8kgQ&_rdr,,,,,,,"400 W Rich St, Columbus, Ohio, 43215",Ohio,Columbus,400 W Rich St,43215,-83.010698027448,39.956857990453,,
farmers market,"Apr 4th, 2024",default-farmersmarket-4-3.jpg,312157,A Taste of Summer Farm Market,,,,,https://www.atasteofsummer.com/,,,,,,,"314 Pearl Rd, Brunswick, Ohio, 44212",Ohio,Brunswick,314 Pearl Rd,44212,-81.847119965519,41.266414984719,,
farmers market,"Apr 4th, 2024",default-farmersmarket-4-3.jpg,312160,Archbold Area Farmers Market,,,,,https://bestthingsoh.com/place/archbold-area-farmers-market-archbold-oh.html,,,,,,,"200 Depot St, Archbold, Ohio, 43502",Ohio,Archbold,200 Depot St,43502,-84.304830913272,41.521902211176,,
farmers market,"Apr 4th, 2024",default-farmersmarket-4-3.jpg,312161,Ashtabula Farmers Market,,,,,https://www.facebook.com/AshtabulaFarmersMarket/,,,,,,,"1119 Bridge St, Ashtabula, Ohio, 44004",Ohio,Ashtabula,1119 Bridge St,44004,-80.800014986098,41.899608006654,,
farmers market,"Apr 4th, 2024",default-farmersmarket-4-3.jpg,312162,Auglaize Farmers Market,,,,,https://bestfarmersmarkets.org/place/auglaize-farmers-market-wapakoneta-oh.html,,,,,,,"208 S Blackhoof St, Wapakoneta, Ohio, 45895",Ohio,Wapakoneta,208 S Blackhoof St,45895,-84.195963006558,40.56840198141,,
farmers market,"Apr 4th, 2024",default-farmersmarket-4-3.jpg,312163,Aurora Farmers Market,,,,,https://www.facebook.com/theaurorafarmersmarket/,,,,,,,"146 S Chillicothe Rd, Aurora, Ohio, 44202",Ohio,Aurora,146 S Chillicothe Rd,44202,-81.346348021806,41.313138981961,,
farmers market,"Apr 4th, 2024",default-farmersmarket-4-3.jpg,312164,Avon Lake Farmers' Market,,,,,http://ohioproud.org/farm-markets-all/farmers-market-search/find-a-farmers-market/#!biz/id/5adf2a1ef033bf56744f879a,,,,,,,"32747 Lake Rd, Avon Lake, Ohio, 44012",Ohio,Avon Lake,32747 Lake Rd,44012,-82.017526990742,41.512625008595,,
farmers market,"Apr 4th, 2024",default-farmersmarket-4-3.jpg,312168,Beavercreek Farmers' Market,,,,,,,,,,,,"4480 Indian Ripple Rd, Beavercreek, Ohio, 45440",Ohio,Beavercreek,4480 Indian Ripple Rd,45440,-84.103309867952,39.697828683861,,
farmers market,"Apr 4th, 2024",default-farmersmarket-4-3.jpg,312169,Bellville Farmers Market,,,,,https://www.facebook.com/search/top?q=bellville%20farmers%20market,,,,,,,"142 Park Pl, Bellville, Ohio, 44813",Ohio,Bellville,142 Park Pl,44813,-82.5121020258,40.619881996242,,
farmers market,"Apr 4th, 2024",default-farmersmarket-4-3.jpg,312170,Bessemer Farm Market,,,,,https://l.facebook.com/l.php?u=http%3A%2F%2Fwww.bessemerfarmersmarket.com%2F%3Ffbclid%3DIwAR0UoAeuVAoSuDy5uwu0ZzPkI2skfaQX0hrOTMEaRKMtZCiNjFDoAU0DFJE&h=AT1riIIL7xonTxV4PbBTVafEojWD-X0fVIIbmOqle-5m77dRu7Hqav-dQ8VNRasisjwmThnVErVLyunB8y2FSroZg9Ajb6EQGAKddaUFTL08YVl3iknrxxWKuoqIIIf4-1AaEkhhpxzlTutVG2a2Dg,,,,,,,"1410 Saint Michaels Ave, Akron, Ohio, 44320",Ohio,Akron,1410 Saint Michaels Ave,44320,-81.582849035777,41.072441987261,,
farmers market,"Apr 4th, 2024",default-farmersmarket-4-3.jpg,312171,Black River Landing Farmers' Market,,,,,https://www.facebook.com/profile.php?id=100057615521349&eav=AfaFDblskULaEvnFS4F3-HAY92-qScc9lsQB5TN6g_TcM6cVgH25i6S6dtF856QmAws&sk=about&paipv=0&_rdr,,,,,,,"421 Black River Rd, Lorain, Ohio, 44052",Ohio,Lorain,421 Black River Rd,44052,-82.174066995352,41.467014002366,,
farmers market,"Apr 4th, 2024",default-farmersmarket-4-3.jpg,312172,Blendon Township Farmers Market,,,,,https://farmersmarket.country/market/westerville-ohio-blendon-township-farmers-market/,,,,,,,"6350 S Hempstead Rd, Westerville, Ohio, 43081",Ohio,Westerville,6350 S Hempstead Rd,43081,-82.904380961742,40.097973994025,,
farmers market,"Apr 4th, 2024",default-farmersmarket-4-3.jpg,312176,Byler Flea Market,,,,,https://farmersmarket.country/market/hartville-ohio-byler-flea-market/,,,,,,,"960 Edison St NW, Hartville, Ohio, 44632",Ohio,Hartville,960 Edison St NW,44632,-81.358429026491,40.969142993432,,
farmers market,"Apr 4th, 2024",default-farmersmarket-4-3.jpg,312177,Canal Fulton Farmers' Market,,,,,https://nfmd.org/oh/canal-fulton/1009967/,,,,,,,"853 Locust St S, Canal Fulton, Ohio, 44614",Ohio,Canal Fulton,853 Locust St S,44614,-81.589799980442,40.88739098091,,
farmers market,"Apr 4th, 2024",default-farmersmarket-4-3.jpg,312178,Carrollton Farmers Market,,,,,https://www.facebook.com/carrollfarmmarket/,,,,,,,"1305 Canton Rd NW, Carrollton, Ohio, 44615",Ohio,Carrollton,1305 Canton Rd NW,44615,-81.095336005602,40.59289201656,,
farmers market,"Apr 4th, 2024",default-farmersmarket-4-3.jpg,312179,Carrollton Weekly Farmers Market,,,,,https://nfmd.org/oh/carrollton/1006098/,,,,,,,"1117 Canton Rd NW, Carrollton, Ohio, 44615",Ohio,Carrollton,1117 Canton Rd NW,44615,-81.093041962522,40.587940993993,,
farmers market,"Apr 4th, 2024",default-farmersmarket-4-3.jpg,312180,Centerville Farmers Market,,,,,https://www.centervillefarmersmarket.com/index.php/directions,,,,,,,"221 N Main St, Centerville, Ohio, 45459",Ohio,Centerville,221 N Main St,45459,-84.161728967056,39.635449009778,,
farmers market,"Apr 4th, 2024",default-farmersmarket-4-3.jpg,312181,Chillicothe Farmers' Market,,,,,https://chillicothefarmersmarket.org/,,,,,,,"475 Western Ave, Chillicothe, Ohio, 45601",Ohio,Chillicothe,475 Western Ave,45601,-83.003462014256,39.335454995434,,
farmers market,"Apr 4th, 2024",default-farmersmarket-4-3.jpg,312182,Christ United Methodist Church Farmers' Market,,,,,https://www.eatwellguide.org/listings/76296/locations/32224,,,,,,,"1140 Claremont Ave, Ashland, Ohio, 44805",Ohio,Ashland,1140 Claremont Ave,44805,-82.329754979503,40.858443994475,,
farmers market,"Apr 4th, 2024",default-farmersmarket-4-3.jpg,312183,City of Wooster Farmers Market,,,,,https://www.mainstreetwooster.org/farmers-market?fbclid=IwAR3JAepFHYdymxcz9-URebd7jV7i0d22xuIl5SLUEPXNMDf2pZrJy0N4oPQ,,,,,,,"241 S Bever St, Wooster, Ohio, 44691",Ohio,Wooster,241 S Bever St,44691,-81.936694011994,40.796487019768,,
farmers market,"Apr 4th, 2024",default-farmersmarket-4-3.jpg,312185,Clinton County Farmers' Market,,,,,http://www.clintoncountyfarmersmarket.com/,,,,,,,"111 S Nelson Ave, Wilmington, Ohio, 45177",Ohio,Wilmington,111 S Nelson Ave,45177,-83.852444032138,39.44317100078,,
farmers market,"Apr 4th, 2024",default-farmersmarket-4-3.jpg,312187,Coit Road Farmers' Market,,,,,https://www.coitmarket.org/,,,,,,,"15000 Woodworth Rd, Cleveland, Ohio, 44110",Ohio,Cleveland,15000 Woodworth Rd,44110,-81.577169961099,41.544831004713,,
farmers market,"Apr 4th, 2024",default-farmersmarket-4-3.jpg,312188,Columbus North Market,,,,,https://northmarket.org/,,,,,,,"59 Spruce St, Columbus, Ohio, 43215",Ohio,Columbus,59 Spruce St,43215,-83.004326020835,39.971884982647,,
farmers market,"Apr 4th, 2024",default-farmersmarket-4-3.jpg,312189,Columbus Public Health Urban Farmers Market,,,,,https://nfmd.org/oh/columbus/1006256/,,,,,,,"240 Parsons Ave, Columbus, Ohio, 43215",Ohio,Columbus,240 Parsons Ave,43215,-82.980692993375,39.959410992432,,
farmers market,"Apr 4th, 2024",default-farmersmarket-4-3.jpg,312190,Columbus Winter Farmers' Market,,,,,https://l.facebook.com/l.php?u=http%3A%2F%2Fcolumbuswinterfarmersmarket.com%2F%3Ffbclid%3DIwAR0VONE-zMa5lYxjxn9dBFLOHL45jwffLN0C7FxQY-8SOPY4FKBDL6IZ-Yo&h=AT1qGAG29hKbmGFfw4jidhEWwST2iEZQUNHydrUTjnSxwH-5YaqYzgC1bz3808vDoY5RvX6te-mU1FhEEsIJfLKKQMKMvdvlp8KSJzT1tzmQBop9rQq8twTavtApifyR6TWZWwWRaBnqZYbgU21TkA,,,,,,,"3923 N High St, Columbus, Ohio, 43214",Ohio,Columbus,3923 N High St,43214,-83.019372961959,40.041805980747,,
farmers market,"Apr 4th, 2024",default-farmersmarket-4-3.jpg,312191,Conneaut Farmers' Market,,,,(440) 599-8684,https://www.facebook.com/conneautfarmersmarket/,,,,,,,"280 Park Ave, Conneaut, Ohio, 44030",Ohio,Conneaut,280 Park Ave,44030,-80.553993974139,41.966325986183,,
farmers market,"Apr 4th, 2024",default-farmersmarket-4-3.jpg,312192,Corn on the Curb Farmers Market,,,,,http://www.neighborhoodlink.com/Corn_On_The_Curb_Farmers_Market,,,,,,,"224 W Crawford St, Findlay, Ohio, 45840",Ohio,Findlay,224 W Crawford St,45840,-83.652455693488,41.037844608007,,
farmers market,"Apr 4th, 2024",default-farmersmarket-4-3.jpg,312193,Coshocton Farmers Market,,,,,https://www.facebook.com/coshoctonfarmersmarket/,,,,,,,"300 Block of Main St, Coshocton, Ohio, 43812",Ohio,Coshocton,300 Block of Main St,43812,-81.865591706239,40.273698947834,,
farmers market,"Apr 4th, 2024",default-farmersmarket-4-3.jpg,312194,Countryside Farmers Market,,,,,http://cuyahogavalleyfarmersmarket.org/,,,,,,,"714 N Portage Path, Akron, Ohio, 44303",Ohio,Akron,714 N Portage Path,44303,-81.54908203592,41.118653012029,,
farmers market,"Apr 4th, 2024",default-farmersmarket-4-3.jpg,312195,Countryside Farmers' Market at Howe Meadow,,,,,http://cuyahogavalleyfarmersmarket.org/,,,,,,,"4040 Riverview Rd, Peninsula, Ohio, 44264",Ohio,Peninsula,4040 Riverview Rd,44264,-81.583575998239,41.189307007561,,
farmers market,"Apr 4th, 2024",default-farmersmarket-4-3.jpg,312196,Countryside Farmers Market at Old Trail Sc...,,,,,http://cuyahogavalleyfarmersmarket.org/,,,,,,,"2315 Ira Rd, Akron, Ohio, 44333",Ohio,Akron,2315 Ira Rd,44333,-81.587950010592,41.186519018927,,
farmers market,"Apr 4th, 2024",default-farmersmarket-4-3.jpg,312197,Courthouse Square Farmers Market,,,,,https://www.eatwellguide.org/listings/76305/locations/32233?latitude=39.745629&longitude=-84.308365,,,,,,,"25 N Main St, Dayton, Ohio, 45423",Ohio,Dayton,25 N Main St,45423,-84.192053158369,39.760650300677,,
farmers market,"Apr 4th, 2024",default-farmersmarket-4-3.jpg,312198,Creekside Farm Market,,,,,http://eaglecreekwholesale.com/,,,,,,,"18548 Chillicothe Rd, Chagrin Falls, Ohio, 44023",Ohio,Chagrin Falls,18548 Chillicothe Rd,44023,-81.341056023418,41.364931013139,,
farmers market,"Apr 4th, 2024",default-farmersmarket-4-3.jpg,312199,Crestline Farmers Market,,,,,https://www.facebook.com/crestlinefarmersmarket/,,,,,,,"202 N Thoman St, Crestline, Ohio, 44827",Ohio,Crestline,202 N Thoman St,44827,-82.738526986324,40.785334017493,,
farmers market,"Apr 4th, 2024",default-farmersmarket-4-3.jpg,312200,Deerfield Farmers' Market,,,,,http://www.deerfieldfarmersmarket.com/location--hours.html,,,,,,,"4188 Irwin Simpson Rd, Mason, Ohio, 45040",Ohio,Mason,4188 Irwin Simpson Rd,45040,-84.296191038702,39.315821015889,,
farmers market,"Apr 4th, 2024",default-farmersmarket-4-3.jpg,312201,Delaware County Farmers Market,,,,,https://www.facebook.com/MainStreetDelawareFarmersMarket/,,,,,,,"20 E Winter St, Delaware, Ohio, 43015",Ohio,Delaware,20 E Winter St,43015,-83.066624013272,40.299871997116,,
farmers market,"Apr 4th, 2024",default-farmersmarket-4-3.jpg,312202,Delta Farmers' Market,,,,,https://www.facebook.com/deltafarmermarket,,,,,,,"313 W Main St, Delta, Ohio, 43515",Ohio,Delta,313 W Main St,43515,-84.019793003807,41.573282997857,,
farmers market,"Apr 4th, 2024",default-farmersmarket-4-3.jpg,312203,Downtown Ashtabula Farmers' Market,,,,,https://www.localharvest.org/downtown-ashtabula-farmers-market-M59118,,,,,,,"4125 Main Ave, Ashtabula, Ohio, 44004",Ohio,Ashtabula,4125 Main Ave,44004,-80.781073980397,41.869994994192,,
farmers market,"Apr 4th, 2024",default-farmersmarket-4-3.jpg,312204,Downtown Bowling Green Farmers' Market,,,,,https://bowling-market.edan.io/,,,,,,,"111 Clough St, Bowling Green, Ohio, 43402",Ohio,Bowling Green,111 Clough St,43402,-83.649848989979,41.373237018182,,
farmers market,"Apr 4th, 2024",default-farmersmarket-4-3.jpg,312205,Downtown Farmers Market,,,,,https://bowling-market.edan.io/,,,,,,,"201 S Main St, Bowling Green, Ohio, 43402",Ohio,Bowling Green,201 S Main St,43402,-83.649849995808,41.372957984625,,
farmers market,"Apr 4th, 2024",default-farmersmarket-4-3.jpg,312206,Downtown Farmers' Market at Public Square,,,,,https://www.eatwellguide.org/listings/76313/locations/32242?latitude=41.4993921&longitude=-81.6913909,,,,,,,"530 Euclid Ave, Cleveland, Ohio, 44115",Ohio,Cleveland,530 Euclid Ave,44115,-81.689301972133,41.49964802037,,
farmers market,"Apr 4th, 2024",default-farmersmarket-4-3.jpg,312207,Downtown Fremont Farmers' Market,,,,,https://downtownfremontohio.org/farmers-market/,,,,,,,"101 S Front St, Fremont, Ohio, 43420",Ohio,Fremont,101 S Front St,43420,-83.112963029702,41.346366983534,,
farmers market,"Apr 4th, 2024",default-farmersmarket-4-3.jpg,312208,Downtown Greenville Farmers' Market,,,,,https://www.localharvest.org/downtown-greenville-farmers-market-M57205,,,,,,,"W 4th St & S Broadway, Greenville, Ohio, 45331",Ohio,Greenville,W 4th St & S Broadway,45331,-84.63150002278,40.100780003751,,
farmers market,"Apr 4th, 2024",default-farmersmarket-4-3.jpg,312209,Downtown Lima Farmers' Market,,,limafarmersmarket@gmail.com,419-222-6045,https://www.allenswcd.com/farmers-market/?fbclid=IwAR3Zi7K0lRcXZbbhOFkSyjYIJRJH-z1fOKXaH-c9G4-9xjYsohizE1c5tJw,https://www.facebook.com/DowntownLimaFarmersMarket/,,,,,,"45801, Lima, Ohio",Ohio,Lima,,45801,-84.10681,40.743355,,
farmers market,"Apr 4th, 2024",default-farmersmarket-4-3.jpg,312211,Downtown Wooster Farmers Market,,,,,https://www.mainstreetwooster.org/farmers-market,,,,,,,"105 W Liberty St, Wooster, Ohio, 44691",Ohio,Wooster,105 W Liberty St,44691,-81.940138855091,40.798222767458,,
farmers market,"Apr 4th, 2024",default-farmersmarket-4-3.jpg,312212,Doylestown Farmers Market,,,,,https://www.doylestown.com/2182/Farmers-Market,,,,,,,"177 N Portage St, Doylestown, Ohio, 44230",Ohio,Doylestown,177 N Portage St,44230,-81.695383915256,40.970754227978,,
farmers market,"Apr 4th, 2024",default-farmersmarket-4-3.jpg,312213,Dublin Farmers' Market,,,,,https://www.facebook.com/DublinFarmersMarket,,,,,,,"4261 W Dublin Granville Rd, Dublin, Ohio, 43017",Ohio,Dublin,4261 W Dublin Granville Rd,43017,-83.103636988953,40.098446984821,,
farmers market,"Apr 4th, 2024",default-farmersmarket-4-3.jpg,312214,Edible Saturdays Farmers Market,,,,,https://nfmd.org/oh/lewis-center/1008798/,,,,,,,"100 Green Meadows Dr, Lewis Center, Ohio, 43035",Ohio,Lewis Center,100 Green Meadows Dr,43035,-83.013106268718,40.157492034356,,
farmers market,"Apr 4th, 2024",default-farmersmarket-4-3.jpg,312215,Edible Thursdays Farmers Market,,,,,https://nfmd.org/oh/columbus/1008799/,,,,,,,"4300 Indianola Ave, Columbus, Ohio, 43214",Ohio,Columbus,4300 Indianola Ave,43214,-82.999537020456,40.052358000564,,
farmers market,"Apr 4th, 2024",default-farmersmarket-4-3.jpg,312218,Farm Market of College hill,,,,,https://www.facebook.com/groups/69791386959/,,,,,,,"5742 Hamilton Ave, Cincinnati, Ohio, 45224",Ohio,Cincinnati,5742 Hamilton Ave,45224,-84.545328023166,39.196020988373,,
farmers market,"Apr 4th, 2024",default-farmersmarket-4-3.jpg,312219,Farmers and Artisans Market,,,,,https://www.facebook.com/lancasterohfarmersmarket/,,,,,,,"4309 Lancaster Rd, Granville, Ohio, 43023",Ohio,Granville,4309 Lancaster Rd,43023,-82.521308959704,40.026266979997,,
farmers market,"Apr 4th, 2024",default-farmersmarket-4-3.jpg,312220,Farmers' Market in the Falls,,,,,https://www.cityofcf.com/farmers-market-falls,,,,,,,"1201 Grant Ave, Cuyahoga Falls, Ohio, 44223",Ohio,Cuyahoga Falls,1201 Grant Ave,44223,-81.497707004425,41.127544995922,,
farmers market,"Apr 4th, 2024",default-farmersmarket-4-3.jpg,312222,Farmers' Market of Toledo,,,,,https://www.toledofarmersmarket.com/,,,,,,,"525 Market St, Toledo, Ohio, 43604",Ohio,Toledo,525 Market St,43604,-83.541899967725,41.645191009923,,
farmers market,"Apr 4th, 2024",default-farmersmarket-4-3.jpg,312223,Farmers Market Sweet Shop,,,,,https://www.menupix.com/ohio/restaurants/380007149/Farmers-Market-Sweet-Shop-Greenfield-OH,,,,,,,"116 N Washington St, Greenfield, Ohio, 45123",Ohio,Greenfield,116 N Washington St,45123,-83.383378984119,39.352009002749,,
farmers market,"Apr 4th, 2024",default-farmersmarket-4-3.jpg,312224,First Baptist Church Farmer's Market,,,,,https://sall02.wixsite.com/fbc-farmers-market,,,,,,,"3630 Fairmount Blvd, Cleveland, Ohio, 44118",Ohio,Cleveland,3630 Fairmount Blvd,44118,-81.549407002306,41.485847007244,,
farmers market,"Apr 4th, 2024",default-farmersmarket-4-3.jpg,312225,Fostoria Farmers' & Artisans' Market,,,,,https://ohio.org/things-to-do/destinations/fostoria-farmers-market,,,,,,,"100 E Tiffin St, Fostoria, Ohio, 44830",Ohio,Fostoria,100 E Tiffin St,44830,-83.412714640248,41.15666228637,,
farmers market,"Apr 4th, 2024",default-farmersmarket-4-3.jpg,312227,French 500 Flea Market,,,,,https://galliacountyfair.org/flea-market/,,,,,,,"189 Jackson Pike, Gallipolis, Ohio, 45631",Ohio,Gallipolis,189 Jackson Pike,45631,-82.239462017193,38.84096801227,,
farmers market,"Apr 4th, 2024",default-farmersmarket-4-3.jpg,312228,Friends of the Germantown Library Farmers Market,,,,,https://www.localharvest.org/friends-of-the-germantown-library-farmers-market-M32101,,,,,,,"51 N Plum St, Germantown, Ohio, 45327",Ohio,Germantown,51 N Plum St,45327,-84.372302994305,39.625794985157,,
farmers market,"Apr 4th, 2024",default-farmersmarket-4-3.jpg,312229,Frostville Museum Farmers Market,,,,,https://www.frostvillefarmersmarket.com/about/,,,,,,,"24101 Cedar Point Rd, North Olmsted, Ohio, 44070",Ohio,North Olmsted,24101 Cedar Point Rd,44070,-81.890492039682,41.40588800954,,
farmers market,"Apr 4th, 2024",default-farmersmarket-4-3.jpg,312230,Gallia County Farmers Market,,,galliafarmersmarket@yahoo.com,,https://www.facebook.com/profile.php?id=100064710605073&sk=about,,,,,,,"18 Locust St, Ste 1268, Gallipolis, Ohio, 45631",Ohio,Gallipolis,18 Locust St,45631,-82.202435965744,38.808995996979,,
farmers market,"Apr 4th, 2024",default-farmersmarket-4-3.jpg,312231,Garden Station Sunday Market,,,,,https://www.facebook.com/GardenStation/,,,,,,,"509 E 4th St, Dayton, Ohio, 45402",Ohio,Dayton,509 E 4th St,45402,-84.185297923009,39.759306820457,,
farmers market,"Apr 4th, 2024",default-farmersmarket-4-3.jpg,312232,Garrettsville Farmers' Market,,,,,https://www.garrettsvillefarmersmarket.com/,,,,,,,"8119 Main St, Garrettsville, Ohio, 44231",Ohio,Garrettsville,8119 Main St,44231,-81.097067036246,41.284620017411,,
farmers market,"Apr 4th, 2024",default-farmersmarket-4-3.jpg,312233,Gateway 105 Farmers' Market,,,,,https://www.facebook.com/Gateway105/,,,,,,,"1322 E 105th St, Cleveland, Ohio, 44106",Ohio,Cleveland,1322 E 105th St,44106,-81.615899969645,41.521017011963,,
farmers market,"Apr 4th, 2024",default-farmersmarket-4-3.jpg,312234,Geneva Farmers Market,,,,,https://visitashtabulacounty.com/events/geneva-farmers-market/,,,,,,,"89 S Broadway, Geneva, Ohio, 44041",Ohio,Geneva,89 S Broadway,44041,-80.947329029882,41.803808008229,,
farmers market,"Apr 4th, 2024",default-farmersmarket-4-3.jpg,312235,Genoa FFA Farmers Market,,,,,,,,,,,,"509 Main St, Genoa, Ohio, 43430",Ohio,Genoa,509 Main St,43430,-83.358196980952,41.517875013648,,
farmers market,"Apr 4th, 2024",default-farmersmarket-4-3.jpg,312236,Germantown Farmers' Market,,,,,https://www.facebook.com/people/Germantown-Farmers-Market/100063675413697/,,,,,,,"51 N Plum St, Germantown, Ohio, 45327",Ohio,Germantown,51 N Plum St,45327,-84.372302994305,39.625794985157,,
farmers market,"Apr 4th, 2024",default-farmersmarket-4-3.jpg,312237,Gnadenhutten Farmers Market,,,,,https://www.facebook.com/GnadenhuttenFarmersMarket/,,,,,,,"131 S Walnut St, Gnadenhutten, Ohio, 44629",Ohio,Gnadenhutten,131 S Walnut St,44629,-81.434275024307,40.358293987977,,
farmers market,"Apr 4th, 2024",default-farmersmarket-4-3.jpg,312238,God's Little Acre Farmers' Market,,,,,https://www.facebook.com/profile.php?id=100081984215138,,,,,,,"240 S Market St, Galion, Ohio, 44833",Ohio,Galion,240 S Market St,44833,-82.790051970067,40.731527018701,,
farmers market,"Apr 4th, 2024",default-farmersmarket-4-3.jpg,312239,Greater Goshen Farmers' Market,,,,,https://bestfarmersmarkets.org/place/greater-goshen-farmers-market-goshen-oh.html,,,,,,,"6662 Goshen Rd, Goshen, Ohio, 45122",Ohio,Goshen,6662 Goshen Rd,45122,-84.147322990069,39.225118010875,,
farmers market,"Apr 4th, 2024",default-farmersmarket-4-3.jpg,312240,Greater Powell Area Chamber of Commerce Farmers Market,,,,,https://www.facebook.com/PowellChamberFarmersMarket/,,,,,,,"240 N Liberty St, Powell, Ohio, 43065",Ohio,Powell,240 N Liberty St,43065,-83.07483601527,40.162768997328,,
farmers market,"Apr 4th, 2024",default-farmersmarket-4-3.jpg,312241,Green Farmers Market,,,,,http://ohioproud.org/farm-markets-all/farmers-market-search/find-a-farmers-market/#!biz/id/57f56c58178f4e557a7b2653,,,,,,,"1781 Town Park Blvd, Uniontown, Ohio, 44685",Ohio,Uniontown,1781 Town Park Blvd,44685,-81.468486871833,40.950776411011,,
farmers market,"Apr 4th, 2024",default-farmersmarket-4-3.jpg,312242,Green Machine Farmers' Market,,,,,,,,,,,,"4465 Coonpath Rd, Carroll, Ohio, 43112",Ohio,Carroll,4465 Coonpath Rd,43112,-82.68475397615,39.771361988863,,
farmers market,"Apr 4th, 2024",default-farmersmarket-4-3.jpg,312243,Green Road Farmers' Market,,,,,https://www.localharvest.org/green-road-farmers-market-M29708,,,,,,,"1534 S Green Rd, Cleveland, Ohio, 44121",Ohio,Cleveland,1534 S Green Rd,44121,-81.520257006176,41.518044998645,,
farmers market,"Apr 4th, 2024",default-farmersmarket-4-3.jpg,312244,Greenfield Farmers' Market,,,,,https://farmersmarket.country/market/greenfield-ohio-farmer-market/,,,,,,,"1355 Jefferson St, Greenfield, Ohio, 45123",Ohio,Greenfield,1355 Jefferson St,45123,-83.40103102075,39.34832800615,,
farmers market,"Apr 4th, 2024",default-farmersmarket-4-3.jpg,312245,Grove City Chamber Farmers' Market,,,,,https://www.facebook.com/grovecityfarmersmarket/,,,,,,,"4035 Broadway, Grove City, Ohio, 43123",Ohio,Grove City,4035 Broadway,43123,-83.09411296765,39.882146986147,,
farmers market,"Apr 4th, 2024",default-farmersmarket-4-3.jpg,312246,Groveport Farmers Market,,,,,https://www.groveport.org/565/Farmers-Market,,,,,,,"551 Wirt Rd, Groveport, Ohio, 43125",Ohio,Groveport,551 Wirt Rd,43125,-82.886175614702,39.849558316723,,
farmers market,"Apr 4th, 2024",default-farmersmarket-4-3.jpg,312247,Guernsey County Farmers Market,,,,,https://nfmd.org/oh/cambridge/1003607/,,,,,,,"801 Wheeling Ave, Cambridge, Ohio, 43725",Ohio,Cambridge,801 Wheeling Ave,43725,-81.589907017345,40.025374013942,,
farmers market,"Apr 4th, 2024",default-farmersmarket-4-3.jpg,312248,Hamilton's Historic Farmers' Market,,,,,https://www.facebook.com/hamiltonshistoricfarmersmarket/,,,,,,,"101 S Monument Ave, Hamilton, Ohio, 45011",Ohio,Hamilton,101 S Monument Ave,45011,-84.565531008209,39.399613016005,,
farmers market,"Apr 4th, 2024",default-farmersmarket-4-3.jpg,312250,Hartville MarketPlace,,,,,https://hartvillemarketplace.com/,,,,,,,"1289 Edison St NW, Hartville, Ohio, 44632",Ohio,Hartville,1289 Edison St NW,44632,-81.361408960708,40.97538298507,,
farmers market,"Apr 4th, 2024",default-farmersmarket-4-3.jpg,312251,Hebron Business Association/Farmers Market,,,,,https://www.facebook.com/2180103322069691/posts/d41d8cd9/4962576720488990/,,,,,,,"134 E Main St, Hebron, Ohio, 43025",Ohio,Hebron,134 E Main St,43025,-82.490011017066,39.961656001379,,
farmers market,"Apr 4th, 2024",default-farmersmarket-4-3.jpg,312252,Henry County Farmers Market,,,,,https://www.facebook.com/HCOhioFarmersMarket/,,,,,,,"1853 Oakwood Ave, Napoleon, Ohio, 43545",Ohio,Napoleon,1853 Oakwood Ave,43545,-84.123015973774,41.408551987916,,
farmers market,"Apr 4th, 2024",default-farmersmarket-4-3.jpg,312253,Hilliard Farm Market,,,,,https://hilliardfarmmarket.com/,,,,,,,"5445 Scioto Darby Rd, Hilliard, Ohio, 43026",Ohio,Hilliard,5445 Scioto Darby Rd,43026,-83.161934969556,40.028724009185,,
farmers market,"Apr 4th, 2024",default-farmersmarket-4-3.jpg,312255,Hocking Hills Farmers Market,,,,,https://www.facebook.com/profile.php?id=100069757075307,,,,,,,"1593 E Front St, Logan, Ohio, 43138",Ohio,Logan,1593 E Front St,43138,-82.383290027447,39.530978016337,,
farmers market,"Apr 4th, 2024",default-farmersmarket-4-3.jpg,312256,Holy Trinity Farmers' Market,,,,,https://www.facebook.com/holytrinityfarmersmarket/,,,,,,,"525 W Cook Rd, Mansfield, Ohio, 44907",Ohio,Mansfield,525 W Cook Rd,44907,-82.535655599769,40.732632712068,,
farmers market,"Apr 4th, 2024",default-farmersmarket-4-3.jpg,312257,Howland Farmers Market,,,,,https://www.facebook.com/HowlandFarmersMarket/,,,,,,,"205 Niles Cortland Rd NE, Warren, Ohio, 44484",Ohio,Warren,205 Niles Cortland Rd NE,44484,-80.741064977246,41.239765980858,,
farmers market,"Apr 4th, 2024",default-farmersmarket-4-3.jpg,312258,Idora Neighborhood Farmers Market,,,,,https://nfmd.org/oh/youngstown/1011367/,,,,,,,"2600 Glenwood Ave, Youngstown, Ohio, 44511",Ohio,Youngstown,2600 Glenwood Ave,44511,-80.675405987622,41.073692687553,,
farmers market,"Apr 4th, 2024",default-farmersmarket-4-3.jpg,312259,Jackson Township Farmers' Market,,,,,http://ohioproud.org/farm-markets-all/farmers-market-search/find-a-farmers-market/#!biz/id/58ef67a507ac80312fa958c0,,,,,,,"7660 Fulton Dr NW, Massillon, Ohio, 44646",Ohio,Massillon,7660 Fulton Dr NW,44646,-81.491675841017,40.860830499583,,
farmers market,"Apr 4th, 2024",default-farmersmarket-4-3.jpg,312261,Jefferson Farmers Market,,,,,https://www.facebook.com/JeffersonOhioFarmersMarket/,,,,,,,"42 E Jefferson St, Jefferson, Ohio, 44047",Ohio,Jefferson,42 E Jefferson St,44047,-80.767169995591,41.737937983935,,
farmers market,"Apr 4th, 2024",default-farmersmarket-4-3.jpg,312262,Josephine's Harvest Market,,,,,https://www.localharvest.org/josephines-harvest-market-M35363,,,,,,,"628 Lock Ave, Columbus, Ohio, 43207",Ohio,Columbus,628 Lock Ave,43207,-82.97851101634,39.915285007989,,
farmers market,"Apr 4th, 2024",default-farmersmarket-4-3.jpg,312263,Lake Metroparks Farmpark Farmers' Market,,,,,https://nfmd.org/oh/kirtland/1008131/,,,,,,,"8800 Euclid Chardon Rd, Kirtland, Ohio, 44094",Ohio,Kirtland,8800 Euclid Chardon Rd,44094,-81.328541003786,41.576507013094,,
farmers market,"Apr 4th, 2024",default-farmersmarket-4-3.jpg,312264,Lakeland Local Market,,,,,http://ohioproud.org/farm-markets-all/farmers-market-search/find-a-farmers-market/#!biz/id/57f56c58178f4e557a7b2685/Contact,,,,,,,"7700 Clocktower Dr, Willoughby, Ohio, 44094",Ohio,Willoughby,7700 Clocktower Dr,44094,-81.365283998365,41.637334987352,,
farmers market,"Apr 4th, 2024",default-farmersmarket-4-3.jpg,312265,LCCC Farmer's Market,,,,,https://www.facebook.com/events/559957317865402/559957354532065/?active_tab=about,,,,,,,"1005 N Abbe Rd, Elyria, Ohio, 44035",Ohio,Elyria,1005 N Abbe Rd,44035,-82.077043576279,41.413827349884,,
farmers market,"Apr 4th, 2024",default-farmersmarket-4-3.jpg,312266,Lebanon Ohio Farmers Market,,,,,https://www.facebook.com/lebanonohiofarmersmarket?paipv=0&eav=AfagYu-aBAEsWcWracarUxrCDp4tVXqUQz4OkNSTrgMeWYQWdLoCufszT7w-xI9MKtg,,,,,,,"120 W South St, Lebanon, Ohio, 45036",Ohio,Lebanon,120 W South St,45036,-84.211019000137,39.43272400621,,
farmers market,"Apr 4th, 2024",default-farmersmarket-4-3.jpg,312267,Leipsic Farmers' Market,,,,,https://www.eatwellguide.org/listings/76366/locations/32296?latitude=40.976015&longitude=-83.919073,,,,,,,"10 W Main St, Leipsic, Ohio, 45856",Ohio,Leipsic,10 W Main St,45856,-83.986647019157,41.100353012374,,
farmers market,"Apr 4th, 2024",default-farmersmarket-4-3.jpg,312268,Lettuce Eat Well Farmers' Market,,,,,https://lewfm.org/,,,,,,,"3820 Westwood Northern Blvd, Cincinnati, Ohio, 45211",Ohio,Cincinnati,3820 Westwood Northern Blvd,45211,-84.611556960555,39.166166996195,,
farmers market,"Apr 4th, 2024",default-farmersmarket-4-3.jpg,312269,Lytle Market,,,,,https://www.localharvest.org/lytle-market-M31365,,,,,,,"210 W Forest Ave, South Lebanon, Ohio, 45065",Ohio,South Lebanon,210 W Forest Ave,45065,-84.218299018321,39.372289981401,,
farmers market,"Apr 4th, 2024",default-farmersmarket-4-3.jpg,312270,Madeira Winter Farmers' Market,,,,,https://madeirafarmersmarket.com/,,,,,,,"8000 Miami Ave, Cincinnati, Ohio, 45243",Ohio,Cincinnati,8000 Miami Ave,45243,-84.360936965961,39.202521992476,,
farmers market,"Apr 4th, 2024",default-farmersmarket-4-3.jpg,312271,Main Street Market,,,,,http://ohioproud.org/farm-markets-all/farmers-market-search/find-a-farmers-market/#!biz/id/57f56c58178f4e557a7b2691/Contact,,,,,,,"44 1/2 S Main St, Mount Gilead, Ohio, 43338",Ohio,Mount Gilead,44 1/2 S Main St,43338,-82.82841602472,40.54794598862,,
farmers market,"Apr 4th, 2024",default-farmersmarket-4-3.jpg,312272,Main Street Orrville Farmers' Market,,,,,https://nfmd.org/oh/orrville/1002702/,,,,,,,"142 Depot St, Orrville, Ohio, 44667",Ohio,Orrville,142 Depot St,44667,-81.767246966142,40.840057996493,,
farmers market,"Apr 4th, 2024",default-farmersmarket-4-3.jpg,312273,Maize Valley Winery & Market,,,,,https://www.maizevalley.com/,,,,,,,"6193 Edison St NE, Hartville, Ohio, 44632",Ohio,Hartville,6193 Edison St NE,44632,-81.279144017621,40.95382498156,,
farmers market,"Apr 4th, 2024",default-farmersmarket-4-3.jpg,312274,Market Central,,,,,http://ohioproud.org/farm-markets-all/farmers-market-search/find-a-farmers-market/#!biz/id/57f56c58178f4e557a7b2696/Contact,,,,,,,"17 Ridge Rd N, Mansfield, Ohio, 44905",Ohio,Mansfield,17 Ridge Rd N,44905,-82.469283995437,40.758722983654,,
farmers market,"Apr 4th, 2024",default-farmersmarket-4-3.jpg,312275,Massillon Farmers Market,,,,,https://www.eatwellguide.org/listings/76395/locations/32325?latitude=40.7951879&longitude=-81.5500374,,,,,,,"505 Erie St N, Massillon, Ohio, 44646",Ohio,Massillon,505 Erie St N,44646,-81.526184017549,40.799990990572,,
farmers market,"Apr 4th, 2024",default-farmersmarket-4-3.jpg,312278,Miamisburg Farmers' Market,,,,,https://www.facebook.com/miamisburgfarmersmarket/,,,,,,,"1146 E Central Ave, Miamisburg, Ohio, 45342",Ohio,Miamisburg,1146 E Central Ave,45342,-84.270846007518,39.639338003304,,
farmers market,"Apr 4th, 2024",default-farmersmarket-4-3.jpg,312279,Middlefield Market,,,,,https://nfmd.org/oh/middlefield/1002020/,,,,,,,"15864 Nauvoo Rd, Middlefield, Ohio, 44062",Ohio,Middlefield,15864 Nauvoo Rd,44062,-81.073206021019,41.480345000271,,
farmers market,"Apr 4th, 2024",default-farmersmarket-4-3.jpg,312280,Montgomery Farmers' Market,,,,,https://montgomeryfarmersmarket.org/,,,,,,,"9609 Montgomery Rd, Montgomery, Ohio, 45242",Ohio,Montgomery,9609 Montgomery Rd,45242,-84.353905974121,39.231439013608,,
farmers market,"Apr 4th, 2024",default-farmersmarket-4-3.jpg,312281,Mount Gilead Saturday Farmers' Market,,,,,https://www.eatwellguide.org/listings/76404/locations/32334,,,,,,,"W High St, Morrow County, Mount Gilead, Ohio 43338",Ohio,Mount Gilead,W High St,43338,-82.83085,40.54925,,
farmers market,"Apr 4th, 2024",default-farmersmarket-4-3.jpg,312282,Mount Vernon Farmers' Market,,,,,https://www.facebook.com/mountvernonfarmersmarket/,,,,,,,"1 Public Sq, Mount Vernon, Ohio, 43050",Ohio,Mount Vernon,1 Public Sq,43050,-82.484525983447,40.393382981603,,
farmers market,"Apr 4th, 2024",default-farmersmarket-4-3.jpg,312285,NEOMED Farmers' Market,,,,,http://ohioproud.org/farm-markets-all/farmers-market-search/find-a-farmers-market/#!biz/id/57f56c59178f4e557a7b26ae/Contact,,,,,,,"4209 State Route 44, Rootstown, Ohio, 44272",Ohio,Rootstown,4209 State Route 44,44272,-81.245151041655,41.103171008221,,
farmers market,"Apr 4th, 2024",default-farmersmarket-4-3.jpg,312286,New Carlisle Farmers Market,,,,,https://www.facebook.com/NewCarlisleFarmersMarket/,,,,,,,"113 W Jefferson St, New Carlisle, Ohio, 45344",Ohio,New Carlisle,113 W Jefferson St,45344,-84.025447016594,39.936192994908,,
farmers market,"Apr 4th, 2024",default-farmersmarket-4-3.jpg,312287,New Concord Farmers' Market,Located between the New Concord Elementary School and the Library,,,,https://www.facebook.com/events/1388643117955968/1388643161289297/,,,,,,,"75 W Main St, New Concord, Ohio, 43762",Ohio,New Concord,75 W Main St,43762,-81.736507006798,39.993981020522,,
farmers market,"Apr 4th, 2024",default-farmersmarket-4-3.jpg,312288,New Lexington Farmers' Market,,,,,http://www.farmsandmarkets.com/ohio/new-lexington/farmers-markets/new-lexington-farmers-market/1001059,,,,,,,"105 N Main St, New Lexington, Ohio, 43764",Ohio,New Lexington,105 N Main St,43764,-82.208205984071,39.714013007336,,
farmers market,"Apr 4th, 2024",default-farmersmarket-4-3.jpg,312289,North Union Farmers Market - Shaker Square,"Award-winning Shaker Square Market will be on East and West Bound Shaker Blvd. You will find farms and food producers with fresh produce, meats, dairy, baked goods and more.",,northunionfarmersmarket@yahoo.com,216-751-7656,http://www.northunionfarmersmarket.org/markets/shaker-square-2/,,,,,,,"13209 Shaker Sq, Cleveland, Ohio, 44120",Ohio,Cleveland,13209 Shaker Sq,44120,-81.589576015989,41.484519020414,,
farmers market,"Apr 4th, 2024",default-farmersmarket-4-3.jpg,312290,North Union Farmers Market - Chagrin Falls Market,"Located in the beautiful village of Chagrin Falls, this market is filled with Northeast Ohio’s finest farmers. Chagrin Falls Market is located on at Bandstand Triangle Park. You will find farms and food producers with fresh produce, meats, dairy, baked goods and more.
",,northunionfarmersmarket@yahoo.com,216-751-7656,http://www.northunionfarmersmarket.org/markets/chagrin-falls/,,,,,,,"11 N Franklin St, Chagrin Falls, Ohio, 44022",Ohio,Chagrin Falls,11 N Franklin St,44022,-81.391925039418,41.430166988368,,
farmers market,"Apr 4th, 2024",default-farmersmarket-4-3.jpg,312293,Northside Farmers Market ,,,jwconverse@gmail.com,330-518-6971,https://www.facebook.com/northsidefarmersmarkets/,https://www.facebook.com/northsidefarmersmarket/,,,,,,"901 Elm St, Youngstown, Ohio, 44505",Ohio,Youngstown,901 Elm St,44505,-80.645236019346,41.112536988739,,
farmers market,"Apr 4th, 2024",default-farmersmarket-4-3.jpg,312294,Norwalk Farmers Market OH,,,,,https://www.norwalkfarmersmarket.com/index.html,,,,,,,"319 E Main St, Norwalk, Ohio, 44857",Ohio,Norwalk,319 E Main St,44857,-82.591017979472,41.254414991128,,
farmers market,"Apr 4th, 2024",default-farmersmarket-4-3.jpg,312295,Oberlin Farmers' Market,,,,,https://www.oberlinfarmersmarket.info/,,,,,,,"85 S Main St, Oberlin, Ohio, 44074",Ohio,Oberlin,85 S Main St,44074,-82.216930036534,41.289316020575,,
farmers market,"Apr 4th, 2024",default-farmersmarket-4-3.jpg,312296,Oberlin Winter Market,,,,,https://www.facebook.com/OberlinWinterMarket/,,,,,,,"198 E College St, Oberlin, Ohio, 44074",Ohio,Oberlin,198 E College St,44074,-82.20980499974,41.292338995865,,
farmers market,"Apr 4th, 2024",default-farmersmarket-4-3.jpg,312299,Old Brooklyn Farmers Market,,,,,https://www.facebook.com/oldbrooklynfarmersmarket/,,,,,,,"4200 Pearl Rd, Cleveland, Ohio, 44109",Ohio,Cleveland,4200 Pearl Rd,44109,-81.705896966954,41.441333988421,,
farmers market,"Apr 4th, 2024",default-farmersmarket-4-3.jpg,312300,Original Portsmouth Farmers' Market,,,,,https://sites.google.com/view/portsmouthfarmersmarket/home,,,,,,,"Market St & 2nd St, Portsmouth, Ohio, 45662",Ohio,Portsmouth,Market St & 2nd St,45662,-83.003069992644,38.731670006519,,
farmers market,"Apr 4th, 2024",default-farmersmarket-4-3.jpg,312301,Orrville Farmers Market,,,,,https://www.local-farmers-markets.com/market/3849/orrville/orrville-farmers-market,,,,,,,"315 W Market St, Orrville, Ohio, 44667",Ohio,Orrville,315 W Market St,44667,-81.766904984492,40.840707306013,,
farmers market,"Apr 4th, 2024",default-farmersmarket-4-3.jpg,312303,Oxford Original Farmers Market,,,,,https://oxfordfarmersmarket.com/,,,,,,,"45056, Oxford, Ohio",Ohio,Oxford,,45056,-84.74242,39.509195,,
farmers market,"Apr 4th, 2024",default-farmersmarket-4-3.jpg,312304,Painesville Farmers Market,,,,,https://www.facebook.com/PainesvilleFM/,,,,,,,"44077, Painesville, Ohio",Ohio,Painesville,,44077,-81.2457841,41.7247673,,
farmers market,"Apr 4th, 2024",default-farmersmarket-4-3.jpg,312305,Pearl Market,,,,,https://nfmd.org/oh/columbus/1000012/,,,,,,,"30 E Broad St, Columbus, Ohio, 43215",Ohio,Columbus,30 E Broad St,43215,-82.999397964682,39.96279598212,,
farmers market,"Apr 4th, 2024",default-farmersmarket-4-3.jpg,312306,"Pleasant Plain Farmers Market, LLC",,,,,https://www.facebook.com/PleasantPlainFarmersMarket/,,,,,,,"9120 Morrow Rossburg Rd, Pleasant Plain, Ohio, 45162",Ohio,Pleasant Plain,9120 Morrow Rossburg Rd,45162,-84.098317019687,39.293756996884,,
farmers market,"Apr 4th, 2024",default-farmersmarket-4-3.jpg,312307,PNC 2nd Street Market,,,,,https://www.metroparks.org/places-to-go/2nd-street-market/,,,,,,,"600 E 2nd St, Dayton, Ohio, 45402",Ohio,Dayton,600 E 2nd St,45402,-84.180781032974,39.762630015501,,
farmers market,"Apr 4th, 2024",default-farmersmarket-4-3.jpg,312309,Powell Chamber Farmers' Market,,,,,https://www.facebook.com/PowellChamberFarmersMarket/,,,,,,,"240 N Liberty St, Powell, Ohio, 43065",Ohio,Powell,240 N Liberty St,43065,-83.07483601527,40.162768997328,,
farmers market,"Apr 4th, 2024",default-farmersmarket-4-3.jpg,312311,"Reading Farmers Market, LLC",,,,,https://www.facebook.com/ReadingFarmerMarket/,,,,,,,"9150 Reading Rd, Cincinnati, Ohio, 45215",Ohio,Cincinnati,9150 Reading Rd,45215,-84.439280016552,39.224911983695,,
farmers market,"Apr 4th, 2024",default-farmersmarket-4-3.jpg,312312,Red Barn Market,,,,,https://nfmd.org/oh/belpre/1007235/,,,,,,,"2100 Washington Blvd, Belpre, Ohio, 45714",Ohio,Belpre,2100 Washington Blvd,45714,-81.603849978002,39.278243980034,,
farmers market,"Apr 4th, 2024",default-farmersmarket-4-3.jpg,312313,Red Rock Farmers Market,,,,,https://nfmd.org/oh/aurora/10000223/,,,,,,,"146 S Chillicothe Rd, Aurora, Ohio, 44202",Ohio,Aurora,146 S Chillicothe Rd,44202,-81.346348021806,41.313138981961,,
farmers market,"Apr 4th, 2024",default-farmersmarket-4-3.jpg,312314,Reynoldsburg Farmers' Market,,,,,https://www.facebook.com/reynoldsburgfarmersmarket/,,,,,,,"7232 E Main St, Reynoldsburg, Ohio, 43068",Ohio,Reynoldsburg,7232 E Main St,43068,-82.805759991894,39.955607997233,,
farmers market,"Apr 4th, 2024",default-farmersmarket-4-3.jpg,312315,Richwood Farmers' Market,Located on Franklin St. in front of the library,,,,https://www.facebook.com/richwoodfarmersmarket/,,,,,,,"4 E Ottawa St, Richwood, Ohio, 43344",Ohio,Richwood,4 E Ottawa St,43344,-83.29608297129,40.426296997083,,
farmers market,"Apr 4th, 2024",default-farmersmarket-4-3.jpg,312316,Rinky Dinks Flea & Farmers Market,,,,,https://www.menupix.com/ohio/restaurants/380009102/Rinky-Dinks-Flea-and-Farmers-Market-Marietta-OH,,,,,,,"404 Fort Harmar Dr, Marietta, Ohio, 45750",Ohio,Marietta,404 Fort Harmar Dr,45750,-81.464145798605,39.414051857688,,
farmers market,"Apr 4th, 2024",default-farmersmarket-4-3.jpg,312317,Ripley Farmer's Market,,,,,https://nfmd.org/oh/ripley/1005643/,,,,,,,"116 Main St, Ripley, Ohio, 45167",Ohio,Ripley,116 Main St,45167,-83.844692028987,38.746081012649,,
farmers market,"Apr 4th, 2024",default-farmersmarket-4-3.jpg,312318,Rittberger Meats Farmers Market,,,,,https://www.localharvest.org/rittberger-meats-farm-fresh-market-M33847,,,,,,,"1900 Lutz Ln, Zanesville, Ohio, 43701",Ohio,Zanesville,1900 Lutz Ln,43701,-81.978036995036,39.924126993829,,
farmers market,"Apr 4th, 2024",default-farmersmarket-4-3.jpg,312319,Rogers Community Auction & Open Air Market,,,,,https://rogersohio.com/,,,,,,,"45625 State Route 154, New Waterford, Ohio, 44445",Ohio,New Waterford,45625 State Route 154,44445,-80.641190565911,40.792404243675,,
farmers market,"Apr 4th, 2024",default-farmersmarket-4-3.jpg,312320,Roseville Community Farmer's Market,,,,,https://www.whiznews.com/roseville-farmers-market-returns/,,,,,,,"41 N Main St, Roseville, Ohio, 43777",Ohio,Roseville,41 N Main St,43777,-82.072999012691,39.804889014831,,
farmers market,"Apr 4th, 2024",default-farmersmarket-4-3.jpg,312321,St. Paris Farmers Market,,,,,https://stparisfarmersmarket-farmersmarket.business.site/,,,,,,,"135 W Main St, Saint Paris, Ohio, 43072",Ohio,Saint Paris,135 W Main St,43072,-83.960363969188,40.128466980592,,
farmers market,"Apr 4th, 2024",default-farmersmarket-4-3.jpg,312322,Sayler Park Farmers' Market,,,,,https://www.facebook.com/Saylerparkfarmersmarket,,,,,,,"6610 Parkland Ave, Cincinnati, Ohio, 45233",Ohio,Cincinnati,6610 Parkland Ave,45233,-84.691644033739,39.113357988705,,
farmers market,"Apr 4th, 2024",default-farmersmarket-4-3.jpg,312323,Shelby Farmers' Market,,,,,https://www.facebook.com/Shelby-Farmers-Market-269675866394028/,,,,,,,"Blackfork Ct, Shelby, Ohio, 44875",Ohio,Shelby,Blackfork Ct,44875,-82.655345021121,40.867075007813,,
farmers market,"Apr 4th, 2024",default-farmersmarket-4-3.jpg,312324,Shiloh Farmers' Market,,,,,https://www.facebook.com/ShilohFarmersMarket/,,,,,,,"5300 Philadelphia Dr, Dayton, Ohio, 45415",Ohio,Dayton,5300 Philadelphia Dr,45415,-84.234705001225,39.818487982181,,
farmers market,"Apr 4th, 2024",default-farmersmarket-4-3.jpg,312325,Spencerville OH Farmers Market,,,,,https://www.givinggarden.io/farmers-markets/7097/ohio/spencerville/spencerville-oh-farmers-market,,,,,,,"W North St & OH-66, Spencerville, Ohio, 45887",Ohio,Spencerville,W North St & OH-66,45887,-84.349080009549,40.714199990367,,
farmers market,"Apr 4th, 2024",default-farmersmarket-4-3.jpg,312327,Springdale Farmers' Market,,,,,https://www.eatwellguide.org/listings/76454/locations/32385?latitude=39.3030397&longitude=-84.5227361,,,,,,,"11494 Walnut St, Cincinnati, Ohio, 45246",Ohio,Cincinnati,11494 Walnut St,45246,-84.483864030095,39.284183019439,,
farmers market,"Apr 4th, 2024",default-farmersmarket-4-3.jpg,312328,Springfield Farmers Market,,,,,https://www.facebook.com/SpringfieldFarmMarket/,,,,,,,"117 S Fountain Ave, Springfield, Ohio, 45502",Ohio,Springfield,117 S Fountain Ave,45502,-83.811488041566,39.922841000335,,
farmers market,"Apr 4th, 2024",default-farmersmarket-4-3.jpg,312330,StarkFresh Corridor Farmers' Market,,,,,https://www.eatwellguide.org/listings/73108/locations/28699,,,,,,,"1500 Superior Ave NE, Canton, Ohio, 44705",Ohio,Canton,1500 Superior Ave NE,44705,-81.342971036836,40.81257901658,,
farmers market,"Apr 4th, 2024",default-farmersmarket-4-3.jpg,312332,Stimmel's Saturday Farmer's Market,,,,,https://nfmd.org/oh/bowling-green/1009177/,,,,,,,"1220 W Wooster St, Bowling Green, Ohio, 43402",Ohio,Bowling Green,1220 W Wooster St,43402,-83.672195982035,41.372712981595,,
farmers market,"Apr 4th, 2024",default-farmersmarket-4-3.jpg,312333,Strongsville Farmers' Market,,,,,http://ohioproud.org/farm-markets-all/farmers-market-search/find-a-farmers-market/#!biz/id/57f56c59178f4e557a7b26fa/Contact,,,,,,,"18100 Royalton Rd, Strongsville, Ohio, 44136",Ohio,Strongsville,18100 Royalton Rd,44136,-81.827186039568,41.318654986712,,
farmers market,"Apr 4th, 2024",default-farmersmarket-4-3.jpg,312334,Swiss Country Market,,,,,https://yellow.place/en/swiss-country-market-elida-usa,,,,,,,"7125 N West St, Lima, Ohio, 45807",Ohio,Lima,7125 N West St,45807,-84.138316970383,40.840421016719,,
farmers market,"Apr 4th, 2024",default-farmersmarket-4-3.jpg,312336,Tallmadge Farmers Market,,,,,https://tallmadge-ohio.org/190/Farmers-Market,,,,,,,"46 N Munroe Rd, Tallmadge, Ohio, 44278",Ohio,Tallmadge,46 N Munroe Rd,44278,-81.412723977777,41.104848981418,,
farmers market,"Apr 4th, 2024",default-farmersmarket-4-3.jpg,312337,The Great Sidney Farmers' Market,,,,,https://www.facebook.com/sidneyfarmersmarketoh/,,,,,,,"100 E Court St, Sidney, Ohio, 45365",Ohio,Sidney,100 E Court St,45365,-84.15588099703,40.285014989919,,
farmers market,"Apr 4th, 2024",default-farmersmarket-4-3.jpg,312338,The Heights Farmers Market,,,,,https://www.hhoh.org/542/Farmers-Market-at-The-Heights,,,,,,,"8625 Brandt Pike, Dayton, Ohio, 45424",Ohio,Dayton,8625 Brandt Pike,45424,-84.102129025432,39.878701018113,,
farmers market,"Apr 4th, 2024",default-farmersmarket-4-3.jpg,312339,The Indoor Winter Market at Crocker Park,,,,,http://www.northunionfarmersmarket.org/markets/crocker-park/,,,,,,,"292 Main St, Westlake, Ohio, 44145",Ohio,Westlake,292 Main St,44145,-81.951712367278,41.457261524551,,
farmers market,"Apr 4th, 2024",default-farmersmarket-4-3.jpg,312340,The Market on Michigan Avenue,,,,,https://www.localharvest.org/the-market-on-michigan-avenue-M72268,,,,,,,"104 S Michigan Ave, Edgerton, Ohio, 43517",Ohio,Edgerton,104 S Michigan Ave,43517,-84.748157490882,41.448635681773,,
farmers market,"Apr 4th, 2024",default-farmersmarket-4-3.jpg,312341,The Original Delaware Farmer's Market,,,,,,,,,,,,"236 Pennsylvania Ave, Delaware, Ohio, 43015",Ohio,Delaware,236 Pennsylvania Ave,43015,-83.075214039104,40.314262006578,,
farmers market,"Apr 4th, 2024",default-farmersmarket-4-3.jpg,312343,The Raven's Farmers' Market,,,,,https://www.eatwellguide.org/listings/76473/locations/32407,,,,,,,"1555 S James Rd, Columbus, Ohio, 43227",Ohio,Columbus,1555 S James Rd,43227,-82.915980006995,39.93895001241,,
farmers market,"Apr 4th, 2024",default-farmersmarket-4-3.jpg,312344,TriPoint Farmers' Market,,,,,https://www.localharvest.org/tripoint-farmers-market-M38736,,,,,,,"7590 Auburn Rd, Concord Township, Ohio, 44077",Ohio,Concord Township,7590 Auburn Rd,44077,-81.246880982652,41.663274002105,,
farmers market,"Apr 4th, 2024",default-farmersmarket-4-3.jpg,312345,Tuscarawas Valley Farmers' Market,,,,,https://www.tvffm.org/,,,,,,,"259 S Tuscarawas Ave, Dover, Ohio, 44622",Ohio,Dover,259 S Tuscarawas Ave,44622,-81.472116072678,40.513843329011,,
farmers market,"Apr 4th, 2024",default-farmersmarket-4-3.jpg,312346,Twinsburg Farmers' Market,,,,,,,,,,,,"10075 Ravenna Rd, Twinsburg, Ohio, 44087",Ohio,Twinsburg,10075 Ravenna Rd,44087,-81.447455986146,41.318828995022,,
farmers market,"Apr 4th, 2024",default-farmersmarket-4-3.jpg,312349,Uptown Farmers Market At Garden Park,,,,,https://www.localharvest.org/uptown-farmers-market-at-garden-park-M29795,,,,,,,"3581 W Galbraith Rd, Cincinnati, Ohio, 45239",Ohio,Cincinnati,3581 W Galbraith Rd,45239,-84.600186992716,39.220200013006,,
farmers market,"Apr 4th, 2024",default-farmersmarket-4-3.jpg,312350,Valley City Farmers Market,,,,,https://www.localharvest.org/valley-city-farmers-market-M54013,,,,,,,"6615 Center Rd, Valley City, Ohio, 44280",Ohio,Valley City,6615 Center Rd,44280,-81.925646998885,41.238034992124,,
farmers market,"Apr 4th, 2024",default-farmersmarket-4-3.jpg,312351,Vandalia Community Farmers Market,,,,,https://nfmd.org/oh/vandalia/1010596/,,,,,,,"Kenbrook Dr & S Perry St, Vandalia, Ohio, 45377",Ohio,Vandalia,Kenbrook Dr & S Perry St,45377,-84.197209982293,39.890029998445,,
farmers market,"Apr 4th, 2024",default-farmersmarket-4-3.jpg,312352,Village of Grafton Farmers' Market,,,,,https://www.clevescene.com/cleveland/grafton-farmers-market/Location?oid=1434101,,,,,,,"960 Main St, Grafton, Ohio, 44044",Ohio,Grafton,960 Main St,44044,-82.05524999744,41.273252983239,,
farmers market,"Apr 4th, 2024",default-farmersmarket-4-3.jpg,312353,Wakeman Farmers' Market,,,,,https://www.eatwellguide.org/listings/76503/locations/32465,,,,,,,"10 E Main St, Wakeman, Ohio, 44889",Ohio,Wakeman,10 E Main St,44889,-82.401806992666,41.254480998616,,
farmers market,"Apr 4th, 2024",default-farmersmarket-4-3.jpg,312354,Warren County Farmers' Market,,,,,https://www.facebook.com/WarrenOhioFarmersMarket/,,,,,,,Perkins Park,Ohio,Warren,Perkins Dr NW,44483,-80.82531,41.23835,,
farmers market,"Apr 4th, 2024",default-farmersmarket-4-3.jpg,312356,Wellington Farmers' Market,,,,,https://nfmd.org/oh/wellington/1008196/,,,,,,,"115 Willard Memorial Sq, Wellington, Ohio, 44090",Ohio,Wellington,115 Willard Memorial Sq,44090,-82.216875973259,41.169261015565,,
farmers market,"Apr 4th, 2024",default-farmersmarket-4-3.jpg,312357,West Elm Street Farmers Market,,,,,https://www.landcan.org/local-resources/West-Elm-Street-Farmers-Market/48060,,,,,,,"3000 W Elm St, Lima, Ohio, 45805",Ohio,Lima,3000 W Elm St,45805,-84.159287989214,40.73839800001,,
farmers market,"Apr 4th, 2024",default-farmersmarket-4-3.jpg,312358,West Jefferson Farmer's Market+,,,,,https://nfmd.org/oh/west-jefferson/1009539/,,,,,,,"55 E Main St, West Jefferson, Ohio, 43162",Ohio,West Jefferson,55 E Main St,43162,-83.267341006206,39.944662991885,,
farmers market,"Apr 4th, 2024",default-farmersmarket-4-3.jpg,312359,Wild Oats Farmer's Market,,,,,https://bestfarmersmarkets.org/place/wild-oats-farmers-market-columbus-oh.html,,,,,,,"1555 W Lane Ave, Columbus, Ohio, 43221",Ohio,Columbus,1555 W Lane Ave,43221,-83.053043989024,40.006556012671,,
farmers market,"Apr 4th, 2024",default-farmersmarket-4-3.jpg,312360,Williams County Farmers' Market,,,,,https://www.facebook.com/WilliamsCoFarmersMarket/,,,,,,,"43506, Bryan, Ohio",Ohio,Bryan,,43506,-84.54906,41.47594,,
farmers market,"Apr 4th, 2024",default-farmersmarket-4-3.jpg,312361,Willoughby Outdoor Market,,,,,https://www.facebook.com/WilloughbyOutdoorMarket/,,,,,,,"1 E Spaulding St, Willoughby, OH 44094, USA",Ohio,Willoughby,1 East Spaulding Street,44094,-81.4051327,41.6394533,,
farmers market,"Apr 4th, 2024",default-farmersmarket-4-3.jpg,312362,Woodsfield Farmers Market,,,,,https://www.facebook.com/people/Woodsfield-Ohio-Farmers-Market/100063583390761/?paipv=0&eav=AfY4DGWuTCJB-fzpYekTLcAXMHmQb-er2sPEqFBOqP92H6ITNf1WL1B2HBhqaSF2QhQ&_rdr,,,,,,,"47029 Moore Ridge Rd, Woodsfield, Ohio, 43793",Ohio,Woodsfield,47029 Moore Ridge Rd,43793,-81.110814028005,39.776580980875,,
farmers market,"Apr 4th, 2024",default-farmersmarket-4-3.jpg,312363,Worthington Farmers Market,,,,,https://www.worthingtonfarmersmarket.com/,,,,,,,"7227 N High St, Worthington, Ohio, 43085",Ohio,Worthington,7227 N High St,43085,-83.019344966402,40.108651993847,,
farmers market,"Apr 4th, 2024",default-farmersmarket-4-3.jpg,312364,Wyandot County Farmers Market,,,,,https://www.facebook.com/Wyandotcofarmersmarkry/,,,,,,,"5742 County Highway 43, Upper Sandusky, Ohio, 43351",Ohio,Upper Sandusky,5742 County Highway 43,43351,-83.221172980602,40.89121899609,,
farmers market,"Apr 4th, 2024",default-farmersmarket-4-3.jpg,312366,Your Ohio MarketMaker Team,,,,,https://southcenters.osu.edu/direct-marketing,,,,,,,"1864 Shyville Rd, Piketon, Ohio, 45661",Ohio,Piketon,1864 Shyville Rd,45661,-82.993258974977,39.049791981955,,
farmers market,"Apr 4th, 2024",default-farmersmarket-4-3.jpg,312367,Zayneville Farmers Market,,,,,,,,,,,,"2620 Ford Rd, Mount Perry, Ohio, 43760",Ohio,Mount Perry,2620 Ford Rd,43760,-82.139192997543,39.900532984128,,
farmers market,"Apr 4th, 2024",default-farmersmarket-4-3.jpg,312368,Zimmerman Farms at Old School Marketplace,,,,,https://www.localharvest.org/zimmerman-farms-at-old-school-marketplace-M66258,,,,,,,"11836 South Ave, North Lima, Ohio, 44452",Ohio,North Lima,11836 South Ave,44452,-80.661431029747,40.946798013033,,
farmers market,"Apr 4th, 2024",default-farmersmarket-4-3.jpg,313836,North Union Farmers Market - Cleveland Clinic Main Campus,"The Cleveland Clinic Main Campus Market has become a vibrant community gathering place filled with local farmers and artisan food producers. Health screenings and live music make this an educational and fun destination. Located at Crile Mall (across the street from the Crile Building at 2049 E. 100th Street between Carnegie Avenue and Euclid Avenue). You will find farms and food producers with fresh produce, meats, dairy, baked goods and more.",,northunionfarmersmarket@yahoo.com,216-751-7656,http://www.northunionfarmersmarket.org/markets/cleveland-clinic-main-campus/,,,,,,,"2049 E 100th St, Cleveland, Ohio, 44106",Ohio,Cleveland,2049 E 100th St,44106,-81.616662974291,41.503192014761,,
farmers market,"Apr 4th, 2024",default-farmersmarket-4-3.jpg,313837,North Union Farmers Market - University Hospitals,"Introducing our market at University Hospitals Cleveland Medical Center at Lakeside! Locally sourced lunch is served while you shop at this world-class medical and educational facility, Free parking 30 steps from farm-fresh produce!",,northunionfarmersmarket@yahoo.com,216-751-7656,http://www.northunionfarmersmarket.org/markets/university-hospitals/,,,,,,,"2074 Adelbert Rd, Cleveland, Ohio, 44106",Ohio,Cleveland,2074 Adelbert Rd,44106,-81.607329976562,41.504072994694,,
farmers market,"Apr 4th, 2024",default-farmersmarket-4-3.jpg,313838,Barberton Farmers’ Market,"Seasonal Farmers Market located in the parking lot on West Hopocan Avenue, across from McDonald’s. ",,bhurbean@gmail.com ,330-807-1374 or 330-,www.Barbertonfarmersmarket.com,,,,,,,"489 W Hopocan Ave, Barberton, Ohio, 44203",Ohio,Barberton,489 W Hopocan Ave,44203,-81.607338023189,41.018072017943,,
farmers market,"Apr 4th, 2024",default-farmersmarket-4-3.jpg,313839,North Union Farmers Market - Crocker Park Indoor Winter Market,"Support your local farms year-round at Crocker Park’s Winter Farmers Market! Items to look forward to include antibiotic and hormone-free beef, pork, poultry and dairy products, organic maple syrup, honey, farm-fresh eggs, cheeses, winter greens, herbs, apples, potatoes, lettuces, organic grains, specialty goods, and root vegetables. Free parking is available and within close proximity to the market.  We look forward to seeing you soon!",,northunionfarmersmarket@yahoo.com,216-751-7656,http://www.northunionfarmersmarket.org/markets/crocker-park-2/,,,,,,,"292 Main St, Westlake, Ohio, 44145",Ohio,Westlake,292 Main St,44145,-81.951712367278,41.457261524551,,
farmers market,"Apr 4th, 2024",default-farmersmarket-4-3.jpg,313840,North Union Farmers Market - Van Aken District Indoor Winter Market,"Join us in The Van Aken District in the Van Aken Market Hall at the Indoor Winter Farmers Market and enjoy the magnificence of Ohio produce and products. Items to look forward to, including antibiotic and hormone free beef, pork, poultry and dairy products, organic maple syrup, honey, farm-fresh eggs, cheeses, winter greens, herb, apples, potatoes, lettuces, organic grains, specialty goods and root vegetables. Over 20 farms, bakers and artists will participate at the market. ",,northunionfarmersmarket@yahoo.com,216-751-7656,http://www.northunionfarmersmarket.org/markets/sunset-market-at-the-van-aken-district/,,,,,,,"3441 Tuttle Rd, Beachwood, Ohio, 44122",Ohio,Beachwood,3441 Tuttle Rd,44122,-81.537371479387,41.466134184224,,
farmers market,"Apr 4th, 2024",default-farmersmarket-4-3.jpg,313841,North Union Farmers Market - Crocker Park,"Crocker Park Market is conveniently located at Crocker Park in Westlake on the corner of Crocker Road and Detroit Road in front of Fidelity Investments. Find farms and food producers with fresh produce, meats, dairy, baked goods and more.",,northunionfarmersmarket@yahoo.com,216-751-7656,http://www.northunionfarmersmarket.org/markets/crocker-park/,,,,,,,"1800 Crocker Rd, Westlake, Ohio, 44145",Ohio,Westlake,1800 Crocker Rd,44145,-81.951132441537,41.463633865222,,
farmers market,"Apr 4th, 2024",default-farmersmarket-4-3.jpg,313842,North Union Farmers Market - Sunset Market at The Van Aken District,"Van Aken District Market is located on Tuttle Road. Find farms and food producers with fresh produce, meats, dairy, baked goods and more.",,northunionfarmersmarket@yahoo.com,216-751-7656,http://www.northunionfarmersmarket.org/markets/sunset-market-at-the-van-aken-district/,,,,,,,"3401 Tuttle Rd, Beachwood, Ohio, 44122",Ohio,Beachwood,3401 Tuttle Rd,44122,-81.537367570363,41.465926480357,,
farmers market,"Apr 4th, 2024",default-farmersmarket-4-3.jpg,313843,North Union Farmers Market - Legacy Village Market,"Legacy Village Market is located on Cedar Road in the Capital Grille parking lot. You will find farms and food producers with fresh produce, meats, dairy, baked goods and more.",,northunionfarmersmarket@yahoo.com,216-751-7656,http://www.northunionfarmersmarket.org/markets/legacy-village/,,,,,,,"25389 Cedar Rd, Cleveland, Ohio, 44124",Ohio,Cleveland,25389 Cedar Rd,44124,-81.498747030971,41.501409016317,,
farmers market,"Apr 4th, 2024",default-farmersmarket-4-3.jpg,313844,Champaign County Ohio Virtual Farmers Market,,,,,https://champaignoh.locallygrown.net/welcome,,,,,,,"1645 State Route 54, Urbana, Ohio, 43078",Ohio,Urbana,1645 State Route 54,43078,-83.731158982837,40.084770987781,,
farmers market,"Apr 4th, 2024",default-farmersmarket-4-3.jpg,313846,Ashtabula Farmers' Market,,,,,,,,,,,,"1105 Bridge St, Ashtabula, Ohio, 44004",Ohio,Ashtabula,1105 Bridge St,44004,-80.79974902831,41.899752007751,,
farmers market,"Apr 4th, 2024",default-farmersmarket-4-3.jpg,313847,Baltimore Farmers Market,,Emily Badgett,baltimoreohiofarmersmarket@gmail.com,740-297-9531,https://baltimoredowntownrestoration.com/farmers-market-2/,https://www.facebook.com/BaltimoreFarmersMarket,,,,,,"8865 Lancaster Kirkersville Rd NW, Baltimore, Ohio, 43105",Ohio,Baltimore,8865 Lancaster Kirkersville Rd NW,43105,-82.60231703641,39.85445099876,,
farmers market,"Apr 4th, 2024",default-farmersmarket-4-3.jpg,313848,Canal Winchester Farmers Market,,Karen Stiles,info@destinationcw.org,614-270-5053,www.thecwfm.com,https://www.facebook.com/profile.php?id=100057164332076,,,,,,"100 N High St, Canal Winchester, Ohio, 43110",Ohio,Canal Winchester,100 N High St,43110,-82.805816988836,39.845634996819,,
farmers market,"Apr 4th, 2024",default-farmersmarket-4-3.jpg,313849,Jefferson Farmers' Market,,,,,,,,,,,,"42 E Jefferson St, Jefferson, Ohio, 44047",Ohio,Jefferson,42 E Jefferson St,44047,-80.767169995591,41.737937983935,,
farmers market,"Apr 4th, 2024",default-farmersmarket-4-3.jpg,313850,Keim Family Market,,,,,https://www.yodersbakeryandfurniture.com/,,,,,,,"2621 Burnt Cabin Rd, Seaman, Ohio, 45679",Ohio,Seaman,2621 Burnt Cabin Rd,45679,-83.527173969674,38.927586012952,,
farmers market,"Apr 4th, 2024",default-farmersmarket-4-3.jpg,313851,Keller Market House,"A year round, indoor marketplace in downtown Lancaster",Erin Harvey,info@kellermarkethouse.com,740-277-6305,www.kellermarkethouse.org,https://www.facebook.com/kellermarkethouse/,,,,,,"134 S Columbus St, Lancaster, Ohio, 43130",Ohio,Lancaster,134 S Columbus St,43130,-82.604360963499,39.712720014952,,
farmers market,"Apr 4th, 2024",default-farmersmarket-4-3.jpg,313852,Lovely's Farm Market,,,,,http://lovelysfarmmarket.com/,,,,,,,"330 E Central Ave, Springboro, Ohio, 45066",Ohio,Springboro,330 E Central Ave,45066,-84.227248957928,39.555149025603,,
farmers market,"Apr 4th, 2024",default-farmersmarket-4-3.jpg,313853,Market on Orange,,,,,https://marketonorange.business.site/?utm_source=gmb&utm_medium=referral,,,,,,,"5700 Columbus Pike, Lewis Center, Ohio, 43035",Ohio,Lewis Center,5700 Columbus Pike,43035,-83.032658176046,40.212332230718,,
farmers market,"Apr 4th, 2024",default-farmersmarket-4-3.jpg,313854,Medina Farmers Market,,,,,https://www.facebook.com/profile.php?id=100063798300716,,,,,,,"39 Public Sq, Medina, Ohio, 44256",Ohio,Medina,39 Public Sq,44256,-81.863747985039,41.137790992455,,
farmers market,"Apr 4th, 2024",default-farmersmarket-4-3.jpg,313855,Millersport Lions Community Market,Mathias Miller Park in Millersport on Lancaster Street,Drake Riley,drakeriley14@gmail.com,740-617-9821,https://www.facebook.com/profile.php?id=100083368239645,https://www.instagram.com/kellermarkethouse/,,,,,,"Lancaster, OH 43130, USA",Ohio,Lancaster,,43130,-82.6084961,39.7184598,,
farmers market,"Apr 4th, 2024",default-farmersmarket-4-3.jpg,313857,Olde Fashioned Farmers Market at the Fairfield County Fairgrounds,Fairfield County Fairgrounds during market hours,David Gummere,2183webbsummit@gmail.com,740-304-4553,https://www.facebook.com/groups/286700745550093,,,,,,,"157 E Fair Ave, Lancaster, Ohio, 43130",Ohio,Lancaster,157 E Fair Ave,43130,-82.600203958619,39.726143004245,,
farmers market,"Apr 4th, 2024",default-farmersmarket-4-3.jpg,313858,Pierpont Farmers' Market,,,,,,,,,,,,"1071 State Route 7 N, Pierpont, Ohio, 44082",Ohio,Pierpont,1071 State Route 7 N,44082,-80.571176959468,41.754525979867,,
farmers market,"Apr 4th, 2024",default-farmersmarket-4-3.jpg,313859,Dechant Farm,,,,419-967-0361,https://www.facebook.com/DeChantFarms/,,,,,,,"2705 Huron Avery Rd, Huron, Ohio, 44839",Ohio,Huron,2705 Huron Avery Rd,44839,-82.590759984493,41.366447006057,,
farmers market,"Apr 4th, 2024",default-farmersmarket-4-3.jpg,313860,Farmer Jones Farm Market,,,info@farmerjonesfarm.com,419- 433-4947 567- 6,https://www.farmerjonesfarm.com/pages/farm-market,,,,,,,"1517 Scheid Rd, Huron, Ohio, 44839",Ohio,Huron,1517 Scheid Rd,44839,-82.609097996079,41.358786994293,,
farmers market,"Apr 4th, 2024",default-farmersmarket-4-3.jpg,313861,Pickwick Place,,,,419-562-0683,https://thepickwickplace.com/market/,,,,,,,"1875 N Sandusky Ave, Bucyrus, Ohio, 44820",Ohio,Bucyrus,1875 N Sandusky Ave,44820,-82.972406979172,40.830729985996,,
farmers market,"Apr 4th, 2024",default-farmersmarket-4-3.jpg,313862,Sandusky Farmers Market,,,farmersmarketsandusky@gmail.com,,https://www.facebook.com/SanduskyFarmersMarket,,,,,,,"100 E Washington Row, Sandusky, Ohio, 44870",Ohio,Sandusky,100 E Washington Row,44870,-82.711098963062,41.455241098875,,
farmers market,"Apr 4th, 2024",default-farmersmarket-4-3.jpg,313863,Howland Farmers Market - Summer Market,,,,,http://www.howlandfarmersmarket.com/,,,,,,,"8189 E Market St, Warren, Ohio, 44484",Ohio,Warren,8189 E Market St,44484,-80.743689568987,41.238437396875,,
farmers market,"Jan 4th, 2021",default-farmersmarket-4-3.jpg,301067,Northside Farmers Market,,Emily Diefendorf,northsidefarmersmarket@gmail.com,513-614-3671,www.northsidefm.org,https://www.facebook.com/CinciNorthsideFarmersMarket,,,,,,"4222 Hamilton Ave, Cincinnati , Ohio 45223",Ohio,Cincinnati,4222 Hamilton Ave,45223,-84.539984,39.163947,Year-round,"Fresh fruits, Fresh vegetables, Baked goods, Bedding plants, Coffee/tea, Cut flowers, Eggs, Fresh/dried herbs, Honey, Maple products, Mushrooms, Poultry/fowl meat and products, Prepared foods, Red/other non-poultry meat and products, Soap/body care products"
farmers market,"Jan 5th, 2021",default-farmersmarket-4-3.jpg,301209,Haymaker Farmers' Market,,Andrew Rome,haymakermarket@gmail.com,(330) 422 - 8034,http://haymakermarket.com,https://www.facebook.com/haymaker.farmers.market,https://twitter.com/haymakermarket,,,,,"1435 E Main St Kent, Ohio 44240",Ohio,Kent,"1435 E Main St,",44240,-81.337712,41.155218,January to March,"Fresh fruits, Fresh vegetables, Baked goods, Bedding plants, Canned or preserved fruits/vegetables, Coffee/tea, Crafts/woodworking items, Cut flowers, Dairy products., Eggs, Fresh/dried herbs, Honey, Juices/non-alcoholic ciders, Maple products, Mushrooms, Nursery stock, Nuts, Pet food, Poultry/fowl meat and products, Prepared foods, Red/other non-poultry meat and products, Soap/body care products"
farmers market,"Jun 22nd, 2020",default-farmersmarket-4-3.jpg,301141,Blue Ash Farmers Market,,Peggy Behm,pbehm@blueash.com,5137458644,http://summitparkblueash.com/residents/farmers_market.php,https://www.facebook.com/blueashfarmersmarket/,,,,,,"4335 Glendale Milford Road, Blue Ash, Ohio 45242",Ohio,Blue Ash,4335 Glendale Milford Road,45242,-84.389892,39.251798,,"Fresh fruits, Fresh vegetables, Baked goods, Canned or preserved fruits/vegetables, Crafts/woodworking items, Cut flowers, Honey, Prepared foods"
farmers market,"Mar 19th, 2021",default-farmersmarket-4-3.jpg,301473,Ohio Valley Farmers' Market,,Susan West,ovfarmersmarket@gmail.com,740-676-8187,www.ovfarmersmarket.org,Ohio Valley Farmers' Market,OV Farmers Market @ovfarmersmarket,,,,,"3200 Union St, Bellaire, Ohio 43906",Ohio,Bellaire,3200 Union St,43906,-80.742120,40.014375,May to October,"Fresh fruits, Fresh vegetables, Baked goods, Bedding plants, Canned or preserved fruits/vegetables, Coffee/tea, Crafts/woodworking items, Cut flowers, Dairy products., Eggs, Fresh/dried herbs, Honey, Maple products, Pet food, Poultry/fowl meat and products, Red/other non-poultry meat and products, Soap/body care products"
farmers market,"Mar 27th, 2023",default-farmersmarket-4-3.jpg,312159,All Life Community Market,,,,740-201-8242,http://alllifecommunity.org/services/all-life-community-market/,http://www.facebook.com/AllLifeCenter,,,,,,"5700 Columbus Pike Lewis Center, OH 43035",Ohio,LEWIS CENTER,5700 COLUMBUS PIKE,43035,-83.03271903690798,40.212904582323674,,
farmers market,"Mar 27th, 2023",default-farmersmarket-4-3.jpg,312165,Barnersville Farmers Market,,,,614-425-3043,,,,,,,,"300 East Church Street Barnersville, OH 43713",Ohio,BARNESVILLE,300 E CHURCH ST,43713,-81.1735119479829,39.98814779249316,,
farmers market,"Mar 27th, 2023",default-farmersmarket-4-3.jpg,312167,Bath Church Farmers' Market,,,,,,,,,,,,"4624 Bath Rd., Dayton, OH, 45424",Ohio,Dayton,4624 Bath Rd.,45424,-84.0827886387466,39.82628385145559,,
farmers market,"Mar 27th, 2023",default-farmersmarket-4-3.jpg,312173,Brookville Community Farmers Market,,,,,http://www.brookvillemarket.com,http://www.facebook.com/brookvillecommunityfarmersmarket,,,,,,"706 Market St Brookville, OH 45309",Ohio,BROOKVILLE,706 MARKET ST,45309,-84.41048075664445,39.84023371980815,,
farmers market,"Mar 27th, 2023",default-farmersmarket-4-3.jpg,312174,Brown County Farmers' Markets,,,vbixler2000@yahoo.com,937-515-0109,http://bcfarmersmarket.webs.com/,,,,,,,"7389 Clifton Ave., Russellville, OH, 45168",Ohio,Russellville,7389 Clifton Ave.,45168,-83.80014180583436,38.85133709675104,,
farmers market,"Mar 27th, 2023",default-farmersmarket-4-3.jpg,312175,Brunswick Farmers' Market,,,brunswickareahistory@gmail.com,330-558-6894,http://www.brunswickhistory.com/,https://www.facebook.com/Brunswick-Area-Historical-Society-Heritage-Farm-Museum-Park-113678478644,,,,,,"4613 Laurel Rd., Brunswick, OH, 44212",Ohio,Brunswick,4613 Laurel Rd.,44212,-81.8545474513419,41.22663282070473,,
farmers market,"Mar 27th, 2023",default-farmersmarket-4-3.jpg,312184,Clifton Plaza Farmer's Market,,,,513-381-3436,http://OmEcoCafe.com,,,,,,,"329 Ludlow Ave Cincinnati, OH 45220",Ohio,CINCINNATI,329 LUDLOW AVE,45220,-84.52040540677446,39.14364314395748,,
farmers market,"Mar 27th, 2023",default-farmersmarket-4-3.jpg,312210,Downtown Troy Farmers Market,,,,937-339-5455,https://www.homegrowngreat.com/event/downtown-troy-farmers-market-18/2019-09-28/,https://www.facebook.com/troymainstreet/,,,,,,"405 SW Public Square Suite 231 S. Cherry Street (market location) Troy, OH 45373",Ohio,Troy,405 SW Public Square,45373,-84.20356394186504,40.039586249701536,,
farmers market,"Mar 27th, 2023",default-farmersmarket-4-3.jpg,312216,Euclid Community Farmer's Market,,,,216-289-8656,http://www.cityofeuclid.com,,,,,,,"291 East 222nd Street Euclid, OH 44123",Ohio,EUCLID,291 E 222ND ST,44123,-81.52683690721805,41.60688090941197,,
farmers market,"Mar 27th, 2023",default-farmersmarket-4-3.jpg,312217,Euclid Farmers Market,,,,216-289-8578,,,,,,,,"291 East 222 Street Euclid, OH 44123",Ohio,Euclid,291 East 222 Street,44123,-81.52683690721805,41.60688090941197,,
farmers market,"Mar 27th, 2023",default-farmersmarket-4-3.jpg,312221,Farmers Market of Medina County,,,,,http://www.farmersmarketofmedina.com/,http://www.facebook.com/FarmersMarketofMedina/,,,,,,"3916 Pearl Rd Medina, OH 44256 Located at Medina VFW Post #5137 Parking available next door.",Ohio,MEDINA,3916 PEARL RD,44256,-81.86145689287677,41.169097647030384,,
farmers market,"Mar 27th, 2023",default-farmersmarket-4-3.jpg,312226,Fremont Farmers Market,,,,800-858-4678,,,,,,,,"440 East Poe Road, Suite 201 Bowling Green, OH 43402",Ohio,BOWLING GREEN,440 E POE RD,43402,-83.6439358020507,41.38553604018125,,
farmers market,"Mar 27th, 2023",default-farmersmarket-4-3.jpg,312254,Hillside Orchard and Farm Market,,,,330-225-4748,,,,,,,,"2397 Center Rd. Hinckley, OH 44233",Ohio,HINCKLEY,2397 CENTER RD,44233,-81.77387480366222,41.238430986048655,,
farmers market,"Mar 27th, 2023",default-farmersmarket-4-3.jpg,312260,Jefferson Community Farmers' Market,,,,614-304-0133,https://jeffersontownship.org/,,,,,,,"7494 Clark State Road Blacklick, OH 43004",Ohio,Blacklick,7494 Clark State Road,43004,-82.79366252101342,40.04286365872855,,
farmers market,"Mar 27th, 2023",default-farmersmarket-4-3.jpg,312276,McLaughlin's Greenhouse & Market,,,,419-832-3053,,,,,,,,"22867 Kellogg Road Grand Rapids, OH 43522",Ohio,GRAND RAPIDS,22867 KELLOGG RD,43522,-83.840838260936,41.415394888185446,,
farmers market,"Mar 27th, 2023",default-farmersmarket-4-3.jpg,312277,Merion Village Farmers' Market,,,gvmvmarket@gmail.com,614-929-5255,http://www.merionvillagefarmersmarket.com/,https://www.facebook.com/gvmvfarmersmarket,,,,,,"106 E. Moler St., Columbus, OH, 43207",Ohio,Columbus,106 E. Moler St.,43207,-82.99908111638777,39.93531992932412,,
farmers market,"Mar 27th, 2023",default-farmersmarket-4-3.jpg,312283,Mt Gilead Farmer's Market,,,,419-688-9579,http://mtgileadfarmersmarket.weebly.com,http://www.facebook.com/pages/Mount-Gilead-Farmers-Market/357066631010759,,,,,,"33 S. Main St, Mt Gilead, OH..between The Briar Patch and Gilead Trading Company Mt Gilead, OH 43338",Ohio,MOUNT GILEAD,33 S MAIN ST,43338,-82.8287771823159,40.548051979249,,
farmers market,"Mar 27th, 2023",default-farmersmarket-4-3.jpg,312284,Mt. Washington Farmers' Market,,,,513-232-5724,https://www.mwcc.org/,https://www.facebook.com/MWmarketinthepark/,,,,,,"2221 Oxford Avenue Cincinnati, OH 45230",Ohio,Cincinnati,2221 Oxford Avenue,45230,-84.38815209172844,39.095669786400585,,
farmers market,"Mar 27th, 2023",default-farmersmarket-4-3.jpg,312297,Ohio Farmers Market,,,,330-877-8344,http://www.maizevalleywinery.com/homegrown,,,,,,,"6193 Edison Street NE Hartville, OH 44632",Ohio,HARTVILLE,6193 EDISON ST NE,44632,-81.27854171110368,40.953390744729646,,
farmers market,"Mar 27th, 2023",default-farmersmarket-4-3.jpg,312298,Ohio Valley Farmers' Market,,,ovfarmersmarket@gmail.com,740-676-8187,http://www.ovfarmersmarket.org/,https://www.facebook.com/pages/Ohio-Valley-Farmers-Market/76218936373,,,,,,"66440 Belmont Morristown Rd, Bel-Morr Market, Belmont, OH, 43718",Ohio,Belmont,66440 Belmont Morristown Rd,43718,-81.05347774292987,40.061092517237,,
farmers market,"Mar 27th, 2023",default-farmersmarket-4-3.jpg,312302,Outdoor Y Farmers' Market,,,,,http://www.lakecountyymca.org/index.php?src=events&srctype=detail&category=General&refno=600,,,,,,,"933 Mentor Ave., Painesville, OH, 44077",Ohio,Painesville,933 Mentor Ave.,44077,-81.26336587933119,41.710624106150966,,
farmers market,"Mar 27th, 2023",default-farmersmarket-4-3.jpg,312308,Portsmouth Farmers Market,,,,740-776-6406,,,,,,,,"658 Hansgen Morgan Rd Wheelersburg, OH 45694",Ohio,Wheelersburg,658 Hansgen Morgan Rd,45694,-82.83146612490889,38.776010984021795,,
farmers market,"Mar 27th, 2023",default-farmersmarket-4-3.jpg,312310,Ralph's Joy of Living Farmers' Market,,,,419-332-8696,,,,,,,,"101 S. Front Street Fremont, OH 43420",Ohio,Fremont,101 S. Front Street,43420,-83.11346214179133,41.34640086634128,,
farmers market,"Mar 27th, 2023",default-farmersmarket-4-3.jpg,312326,Springboro Farmers' Market,,,SpringboroFarmersMkt@gmail.com,,http://springborofarmersmarket.com/,https://www.facebook.com/BoroFarmersMarket,,,,,,"750 S. Main St., Clearcreek Elementary School, Springboro, OH, 45066",Ohio,Springboro,750 S. Main St,45066,-84.23398439079914,39.54732183137754,,
farmers market,"Mar 27th, 2023",default-farmersmarket-4-3.jpg,312329,Springhill Orchards & Farm Market,,,,440-466-7480,,,,,,,,"6062 South Ridge, West Geneva, OH 44041",Ohio,GENEVA,6062 S RIDGE RD W,44041,-80.97185941718318,41.782049181257314,,
farmers market,"Mar 27th, 2023",default-farmersmarket-4-3.jpg,312331,Stearns Homestead Farmers' Market,,,,440-845-9770,http://www.stearnshomestead.com/happenins/farmers-market/,,,,,,,"6975 Ridge Rd., Parma, OH, 44129",Ohio,Parma,6975 Ridge Rd.,44129,-81.73470729501666,41.37581565237398,,
farmers market,"Mar 27th, 2023",default-farmersmarket-4-3.jpg,312335,T & OC Farmers' Market,,,,419-562-6664,,,,,,,,"700 East Rensselaer St. Bucyrus, OH 44820",Ohio,Bucyrus,700 East Rensselaer St.,44820,-82.96701806064138,40.807612774169236,,
farmers market,"Mar 27th, 2023",default-farmersmarket-4-3.jpg,312342,The Original Talawanda Farmers' Market,,,,513-524-9591,http://www.gettothebc.com/listing/original-talawanda-farmer%C3%A2%E2%80%99s-market/693,,,,,,,"101 W. Chestnut St., Oxford, OH, 45056",Ohio,Oxford,101 W. Chestnut St.,45056,-84.74638549620778,39.50062813719112,,
farmers market,"Mar 27th, 2023",default-farmersmarket-4-3.jpg,312347,Union County Farmers Market - Richwood Location,,,,614-563-6402,,http://www.facebook.com/richwoodfarmersmarket,,,,,,"4 E Ottawa Street Richwood, OH 43344 We are located on Franklin St in front of the library. There is ample parking in both the library lot and on the street with easy access for those with low mobilit",Ohio,RICHWOOD,4 E OTTAWA ST,43344,-83.29644967692006,40.42656163142057,,
farmers market,"Mar 27th, 2023",default-farmersmarket-4-3.jpg,312355,Wegerzyn Horticultural Association Farmers Market,,,,937-277-9028,,,,,,,,"1301 East Siebenthaler Avenue Dayton, OH 45414",Ohio,DAYTON,1301 E SIEBENTHALER AVE,45414,-84.2052664495301,39.79862515543578,,
farmers market,"Mar 27th, 2023",default-farmersmarket-4-3.jpg,312365,Wyoming Farmers' Market,,,,,http://www.wyomingfarmersmarket.net/,https://www.facebook.com/wyoming-ave-farmers-market-98917383857/?ref=hl,,,,,,"1025 Springfield Pike Wyoming, OH 45215",Ohio,Wyoming,1025 Springfield Pike,45215,-84.47204858084798,39.23381241172754,,
farmers market,"Mar 29th, 2021",default-farmersmarket-4-3.jpg,301485,North Canton Farmers' Market,,Jena Grosschmidt,knowyourrootsohio@gmail.com,3302090809,www.NCantonFarmersMarket.com,https://www.facebook.com/NorthCantonFarmersMarket/,,,,,,"1000 West Maple St, North Canton, Ohio 44720",Ohio,North Canton,1000 West Maple St,44720,-81.417769,40.875871,May to October,"Fresh fruits, Fresh vegetables, Baked goods, Bedding plants, Canned or preserved fruits/vegetables, Coffee/tea, Crafts/woodworking items, Cut flowers, Eggs, Fresh/dried herbs, Honey, Maple products, Mushrooms, Nursery stock, Nuts, Pet food, Poultry/fowl meat and products, Prepared foods, Red/other non-poultry meat and products, Soap/body care products"
